34,82019;looked atRoom
34,82833;looked atDebugPrefab(Clone)
34,84009;looked atRoom
34,85125;looked atRoom
34,86251;looked atRoom
34,87338;looked atRoom
34,88426;looked atRoom
34,8956;looked atRoom
34,90636;looked atRoom
34,91881;looked atRoom
34,92952;looked atRoom
34,9406;looked atDebugPrefab(Clone)
34,9516;looked atDebugPrefab(Clone)
34,96227;looked atDebugPrefab(Clone)
34,97358;looked atDebugPrefab(Clone)
34,98438;looked atDebugPrefab(Clone)
34,99569;looked atDebugPrefab(Clone)
35,00645;looked atRoom
35,01778;looked atRoom
35,02864;looked atRoom
35,03992;looked atRoom
35,05069;looked atDebugPrefab(Clone)
35,06203;looked atDebugPrefab(Clone)
35,07312;looked atRoom
35,08405;looked atRoom
35,09544;looked atDebugPrefab(Clone)
35,10632;looked atDebugPrefab(Clone)
35,11758;looked atRoom
35,12944;looked atDebugPrefab(Clone)
35,14082;looked atRoom
35,15167;looked atDebugPrefab(Clone)
35,1625;looked atRoom
35,17371;looked atRoom
35,18455;looked atRoom
35,19593;looked atRoom
35,20663;looked atRoom
35,21791;looked atRoom
35,22878;looked atRoom
35,24013;looked atRoom
35,25136;looked atRoom
35,26217;looked atDebugPrefab(Clone)
35,27353;looked atDebugPrefab(Clone)
35,2844;looked atDebugPrefab(Clone)
35,29567;looked atDebugPrefab(Clone)
35,30647;looked atRoom
35,31793;looked atRoom
35,32883;looked atRoom
35,3402;looked atRoom
35,3514;looked atRoom
35,36216;looked atRoom
35,37342;looked atDebugPrefab(Clone)
35,38438;looked atDebugPrefab(Clone)
35,39573;looked atDebugPrefab(Clone)
35,40659;looked atDebugPrefab(Clone)
35,41804;looked atDebugPrefab(Clone)
35,42933;looked atRoom
35,44022;looked atRoom
35,45134;looked atRoom
35,46267;looked atRoom
35,47386;looked atRoom
35,48486;looked atDebugPrefab(Clone)
35,49623;looked atDebugPrefab(Clone)
35,50714;looked atRoom
35,51856;looked atRoom
35,52946;looked atRoom
35,54089;looked atRoom
35,552;looked atRoom
35,56292;looked atRoom
35,57417;looked atRoom
35,58529;looked atDebugPrefab(Clone)
35,59658;looked atDebugPrefab(Clone)
35,60747;looked atRoom
35,61887;looked atRoom
35,62981;looked atRoom
35,64113;looked atRoom
35,65219;looked atRoom
35,66311;looked atRoom
35,67445;looked atRoom
35,68545;looked atRoom
35,69683;looked atDebugPrefab(Clone)
35,70774;looked atDebugPrefab(Clone)
35,71914;looked atDebugPrefab(Clone)
35,73006;looked atDebugPrefab(Clone)
35,74168;looked atRoom
35,75265;looked atRoom
35,76359;looked atRoom
35,77491;looked atRoom
35,78587;looked atRoom
35,7972;looked atDebugPrefab(Clone)
35,80815;looked atDebugPrefab(Clone)
35,81947;looked atDebugPrefab(Clone)
35,83036;looked atDebugPrefab(Clone)
35,84179;looked atDebugPrefab(Clone)
35,85288;looked atDebugPrefab(Clone)
35,86388;looked atDebugPrefab(Clone)
35,87514;looked atRoom
35,88609;looked atRoom
35,89753;looked atDebugPrefab(Clone)
35,90841;looked atDebugPrefab(Clone)
35,91978;looked atDebugPrefab(Clone)
35,93064;looked atDebugPrefab(Clone)
35,94207;looked atDebugPrefab(Clone)
35,95319;looked atDebugPrefab(Clone)
35,9641;looked atDebugPrefab(Clone)
35,97544;looked atRoom
35,9864;looked atRoom
35,99773;looked atDebugPrefab(Clone)
36,00867;looked atDebugPrefab(Clone)
36,02004;looked atDebugPrefab(Clone)
36,03102;looked atDebugPrefab(Clone)
36,04236;looked atRoom
36,05358;looked atRoom
36,06448;looked atRoom
36,07578;looked atRoom
36,08675;looked atRoom
36,09811;looked atDebugPrefab(Clone)
36,10904;looked atDebugPrefab(Clone)
36,12038;looked atDebugPrefab(Clone)
36,1316;looked atDebugPrefab(Clone)
36,14251;looked atRoom
36,15392;looked atRoom
36,16481;looked atDebugPrefab(Clone)
36,17616;looked atDebugPrefab(Clone)
36,18705;looked atRoom
36,19838;looked atRoom
36,20958;looked atRoom
36,22065;looked atRoom
36,23177;looked atRoom
36,24268;looked atRoom
36,25404;looked atRoom
36,265;looked atRoom
36,27639;looked atRoom
36,28729;looked atRoom
36,29867;looked atRoom
36,3096;looked atRoom
36,32095;looked atRoom
36,33209;looked atRoom
36,34311;looked atRoom
36,35443;looked atRoom
36,36542;looked atRoom
36,3768;looked atDebugPrefab(Clone)
36,38754;looked atDebugPrefab(Clone)
36,39899;looked atDebugPrefab(Clone)
36,40992;looked atRoom
36,42131;looked atDebugPrefab(Clone)
36,43245;looked atDebugPrefab(Clone)
36,44329;looked atDebugPrefab(Clone)
36,45465;looked atDebugPrefab(Clone)
36,46559;looked atDebugPrefab(Clone)
36,47698;looked atRoom
36,48792;looked atRoom
36,4993;looked atRoom
36,51022;looked atRoom
36,52169;looked atDebugPrefab(Clone)
36,53283;looked atDebugPrefab(Clone)
36,5438;looked atRoom
36,55505;looked atRoom
36,56592;looked atRoom
36,57727;looked atRoom
36,5882;looked atRoom
36,59946;looked atRoom
36,61057;looked atDebugPrefab(Clone)
36,62197;looked atDebugPrefab(Clone)
36,633;looked atDebugPrefab(Clone)
36,64388;looked atDebugPrefab(Clone)
36,65524;looked atDebugPrefab(Clone)
36,66619;looked atDebugPrefab(Clone)
36,67766;looked atDebugPrefab(Clone)
36,68856;looked atDebugPrefab(Clone)
36,69982;looked atDebugPrefab(Clone)
36,71087;looked atDebugPrefab(Clone)
36,72208;looked atDebugPrefab(Clone)
36,73325;looked atDebugPrefab(Clone)
36,74416;looked atDebugPrefab(Clone)
36,75562;looked atDebugPrefab(Clone)
36,76649;looked atDebugPrefab(Clone)
36,77784;looked atDebugPrefab(Clone)
36,78875;looked atDebugPrefab(Clone)
36,80008;looked atDebugPrefab(Clone)
36,811;looked atRoom
36,82237;looked atRoom
36,83366;looked atRoom
36,84458;looked atDebugPrefab(Clone)
36,85578;looked atDebugPrefab(Clone)
36,86675;looked atDebugPrefab(Clone)
36,87816;looked atDebugPrefab(Clone)
36,88917;looked atDebugPrefab(Clone)
36,90045;looked atDebugPrefab(Clone)
36,91155;looked atDebugPrefab(Clone)
36,9225;looked atDebugPrefab(Clone)
36,93389;looked atDebugPrefab(Clone)
36,94482;looked atRoom
36,95631;looked atDebugPrefab(Clone)
36,96713;looked atDebugPrefab(Clone)
36,97844;looked atRoom
36,98976;looked atRoom
37,00056;looked atDebugPrefab(Clone)
37,01185;looked atDebugPrefab(Clone)
37,02279;looked atDebugPrefab(Clone)
37,03422;looked atDebugPrefab(Clone)
37,0452;looked atDebugPrefab(Clone)
37,05654;looked atDebugPrefab(Clone)
37,06743;looked atDebugPrefab(Clone)
37,07883;looked atDebugPrefab(Clone)
37,08979;looked atRoom
37,10111;looked atDebugPrefab(Clone)
37,11226;looked atDebugPrefab(Clone)
37,12317;looked atDebugPrefab(Clone)
37,13451;looked atDebugPrefab(Clone)
37,1454;looked atDebugPrefab(Clone)
37,15691;looked atDebugPrefab(Clone)
37,16764;looked atRoom
37,17888;looked atRoom
37,18999;looked atRoom
37,20123;looked atRoom
37,21238;looked atDebugPrefab(Clone)
37,22331;looked atDebugPrefab(Clone)
37,23464;looked atDebugPrefab(Clone)
37,24558;looked atDebugPrefab(Clone)
37,25698;looked atDebugPrefab(Clone)
37,2679;looked atDebugPrefab(Clone)
37,27922;looked atDebugPrefab(Clone)
37,29018;looked atDebugPrefab(Clone)
37,30162;looked atDebugPrefab(Clone)
37,31269;looked atDebugPrefab(Clone)
37,32358;looked atDebugPrefab(Clone)
37,33492;looked atDebugPrefab(Clone)
37,34576;looked atDebugPrefab(Clone)
37,35721;looked atDebugPrefab(Clone)
37,3682;looked atDebugPrefab(Clone)
37,37941;looked atRoom
37,39034;looked atRoom
37,40174;looked atRoom
37,41285;looked atRoom
37,42377;looked atRoom
37,43514;looked atRoom
37,44609;looked atRoom
37,45758;looked atRoom
37,46846;looked atRoom
37,47967;looked atRoom
37,49063;looked atRoom
37,50202;looked atRoom
37,5132;looked atRoom
37,52406;looked atRoom
37,5354;looked atRoom
37,54639;looked atRoom
37,5578;looked atRoom
37,56881;looked atRoom
37,58014;looked atDebugPrefab(Clone)
37,59107;looked atDebugPrefab(Clone)
37,60239;looked atRoom
37,61366;looked atRoom
37,6245;looked atRoom
37,63583;looked atRoom
37,64681;looked atRoom
37,65831;looked atRoom
37,66925;looked atRoom
37,68038;looked atDebugPrefab(Clone)
37,69163;looked atDebugPrefab(Clone)
37,70232;looked atDebugPrefab(Clone)
37,71379;looked atRoom
37,7246;looked atRoom
37,73596;looked atRoom
37,74676;looked atRoom
37,75822;looked atRoom
37,76936;looked atRoom
37,78021;looked atDebugPrefab(Clone)
37,7916;looked atDebugPrefab(Clone)
37,80255;looked atRoom
37,81385;looked atRoom
37,82473;looked atRoom
37,83619;looked atDebugPrefab(Clone)
37,84689;looked atDebugPrefab(Clone)
37,85843;looked atDebugPrefab(Clone)
37,86901;looked atRoom
37,88046;looked atRoom
37,89182;looked atDebugPrefab(Clone)
37,9025;looked atDebugPrefab(Clone)
37,91379;looked atDebugPrefab(Clone)
37,9248;looked atDebugPrefab(Clone)
37,93614;looked atRoom
37,94715;looked atRoom
37,9586;looked atRoom
37,96951;looked atDebugPrefab(Clone)
37,98042;looked atDebugPrefab(Clone)
37,99182;looked atDebugPrefab(Clone)
38,00266;looked atDebugPrefab(Clone)
38,01439;looked atRoom
38,02491;looked atRoom
38,03626;looked atRoom
38,04726;looked atRoom
38,05858;looked atRoom
38,06956;looked atRoom
38,08106;looked atRoom
38,09197;looked atRoom
38,10292;looked atRoom
38,1143;looked atRoom
38,12515;looked atRoom
38,13657;looked atDebugPrefab(Clone)
38,14737;looked atDebugPrefab(Clone)
38,15891;looked atDebugPrefab(Clone)
38,16981;looked atRoom
38,18114;looked atRoom
38,19223;looked atRoom
38,20321;looked atRoom
38,21461;looked atDebugPrefab(Clone)
38,22558;looked atDebugPrefab(Clone)
38,23702;looked atRoom
38,2479;looked atRoom
38,25922;looked atRoom
38,27013;looked atRoom
38,28159;looked atRoom
38,29274;looked atRoom
38,30371;looked atDebugPrefab(Clone)
38,31507;looked atDebugPrefab(Clone)
38,32607;looked atDebugPrefab(Clone)
38,33732;looked atRoom
38,34829;looked atRoom
38,35972;looked atRoom
38,37088;looked atRoom
38,38172;looked atRoom
38,39317;looked atRoom
38,40401;looked atRoom
38,41521;looked atDebugPrefab(Clone)
38,42621;looked atDebugPrefab(Clone)
38,43759;looked atDebugPrefab(Clone)
38,4487;looked atDebugPrefab(Clone)
38,46005;looked atDebugPrefab(Clone)
38,47186;looked atDebugPrefab(Clone)
38,48258;looked atDebugPrefab(Clone)
38,49365;looked atDebugPrefab(Clone)
38,50446;looked atDebugPrefab(Clone)
38,51582;looked atDebugPrefab(Clone)
38,52766;looked atDebugPrefab(Clone)
38,53915;looked atRoom
38,54992;looked atRoom
38,56069;looked atRoom
38,57192;looked atRoom
38,58268;looked atRoom
38,5939;looked atRoom
38,60476;looked atRoom
38,61604;looked atRoom
38,62695;looked atDebugPrefab(Clone)
38,63816;looked atDebugPrefab(Clone)
38,64903;looked atDebugPrefab(Clone)
38,66033;looked atDebugPrefab(Clone)
38,67147;looked atRoom
38,68232;looked atRoom
38,69354;looked atRoom
38,70461;looked atRoom
38,71594;looked atRoom
38,72683;looked atRoom
38,73829;looked atDebugPrefab(Clone)
38,7494;looked atDebugPrefab(Clone)
38,76059;looked atDebugPrefab(Clone)
38,77181;looked atDebugPrefab(Clone)
38,78288;looked atDebugPrefab(Clone)
38,79421;looked atDebugPrefab(Clone)
38,80494;looked atDebugPrefab(Clone)
38,81628;looked atDebugPrefab(Clone)
38,82716;looked atDebugPrefab(Clone)
38,83847;looked atDebugPrefab(Clone)
38,84943;looked atDebugPrefab(Clone)
38,86118;looked atDebugPrefab(Clone)
38,87218;looked atDebugPrefab(Clone)
38,88298;looked atDebugPrefab(Clone)
38,89431;looked atDebugPrefab(Clone)
38,90525;looked atDebugPrefab(Clone)
38,91668;looked atDebugPrefab(Clone)
38,92776;looked atRoom
38,93916;looked atDebugPrefab(Clone)
38,94986;looked atDebugPrefab(Clone)
38,96121;looked atDebugPrefab(Clone)
38,97221;looked atDebugPrefab(Clone)
38,98311;looked atDebugPrefab(Clone)
38,99449;looked atDebugPrefab(Clone)
39,00534;looked atDebugPrefab(Clone)
39,01668;looked atDebugPrefab(Clone)
39,02748;looked atDebugPrefab(Clone)
39,03879;looked atDebugPrefab(Clone)
39,04973;looked atDebugPrefab(Clone)
39,06113;looked atDebugPrefab(Clone)
39,07238;looked atDebugPrefab(Clone)
39,08336;looked atDebugPrefab(Clone)
39,09472;looked atRoom
39,10568;looked atRoom
39,11707;looked atRoom
39,12804;looked atRoom
39,13942;looked atDebugPrefab(Clone)
39,15039;looked atDebugPrefab(Clone)
39,16188;looked atDebugPrefab(Clone)
39,17276;looked atRoom
39,18375;looked atRoom
39,19514;looked atRoom
39,20603;looked atRoom
39,21743;looked atRoom
39,22824;looked atRoom
39,23962;looked atDebugPrefab(Clone)
39,25049;looked atDebugPrefab(Clone)
39,26183;looked atDebugPrefab(Clone)
39,27395;looked atDebugPrefab(Clone)
39,28461;looked atDebugPrefab(Clone)
39,29576;looked atDebugPrefab(Clone)
39,30666;looked atRoom
39,31794;looked atRoom
39,32884;looked atRoom
39,3397;looked atRoom
39,35079;looked atDebugPrefab(Clone)
39,36201;looked atDebugPrefab(Clone)
39,37307;looked atDebugPrefab(Clone)
39,38411;looked atDebugPrefab(Clone)
39,3955;looked atDebugPrefab(Clone)
39,40634;looked atDebugPrefab(Clone)
39,4176;looked atDebugPrefab(Clone)
39,42839;looked atDebugPrefab(Clone)
39,43981;looked atDebugPrefab(Clone)
39,45073;looked atDebugPrefab(Clone)
39,46207;looked atDebugPrefab(Clone)
39,47323;looked atRoom
39,48414;looked atRoom
39,49556;looked atRoom
39,50644;looked atDebugPrefab(Clone)
39,51777;looked atDebugPrefab(Clone)
39,52869;looked atDebugPrefab(Clone)
39,5401;looked atDebugPrefab(Clone)
39,55109;looked atDebugPrefab(Clone)
39,56241;looked atDebugPrefab(Clone)
39,57351;looked atDebugPrefab(Clone)
39,58434;looked atDebugPrefab(Clone)
39,59574;looked atDebugPrefab(Clone)
39,60664;looked atDebugPrefab(Clone)
39,61807;looked atRoom
39,62893;looked atRoom
39,64034;looked atDebugPrefab(Clone)
39,6515;looked atDebugPrefab(Clone)
39,66238;looked atRoom
39,67375;looked atRoom
39,68464;looked atRoom
39,69592;looked atRoom
39,70676;looked atRoom
39,71813;looked atRoom
39,72914;looked atRoom
39,74057;looked atRoom
39,75172;looked atRoom
39,76269;looked atRoom
39,77409;looked atDebugPrefab(Clone)
39,78508;looked atDebugPrefab(Clone)
39,79667;looked atDebugPrefab(Clone)
39,80853;looked atRoom
39,81977;looked atRoom
39,83051;looked atDebugPrefab(Clone)
39,84169;looked atDebugPrefab(Clone)
39,85287;looked atDebugPrefab(Clone)
39,86357;looked atDebugPrefab(Clone)
39,87477;looked atRoom
39,88566;looked atRoom
39,89701;looked atRoom
39,9078;looked atRoom
39,91911;looked atRoom
39,92997;looked atRoom
39,9413;looked atRoom
39,95246;looked atRoom
39,96338;looked atRoom
39,9746;looked atRoom
39,98548;looked atRoom
39,99684;looked atRoom
40,00773;looked atRoom
40,0191;looked atRoom
40,03004;looked atRoom
40,04142;looked atRoom
40,05264;looked atRoom
40,06351;looked atRoom
40,07487;looked atRoom
40,08581;looked atDebugPrefab(Clone)
40,09715;looked atDebugPrefab(Clone)
40,10816;looked atDebugPrefab(Clone)
40,11951;looked atDebugPrefab(Clone)
40,13039;looked atDebugPrefab(Clone)
40,14175;looked atDebugPrefab(Clone)
40,1529;looked atDebugPrefab(Clone)
40,16382;looked atDebugPrefab(Clone)
40,17516;looked atDebugPrefab(Clone)
40,1861;looked atDebugPrefab(Clone)
40,19753;looked atDebugPrefab(Clone)
40,20843;looked atRoom
40,21977;looked atRoom
40,23073;looked atRoom
40,242;looked atRoom
40,25317;looked atRoom
40,26423;looked atRoom
40,27557;looked atRoom
40,28638;looked atDebugPrefab(Clone)
40,29768;looked atDebugPrefab(Clone)
40,30865;looked atDebugPrefab(Clone)
40,32006;looked atDebugPrefab(Clone)
40,33101;looked atRoom
40,34231;looked atRoom
40,35358;looked atRoom
40,36443;looked atRoom
40,37572;looked atRoom
40,38665;looked atRoom
40,39812;looked atDebugPrefab(Clone)
40,40903;looked atRoom
40,42037;looked atRoom
40,43144;looked atRoom
40,44222;looked atRoom
40,4536;looked atRoom
40,46454;looked atRoom
40,47583;looked atRoom
40,4868;looked atRoom
40,49821;looked atDebugPrefab(Clone)
40,50906;looked atDebugPrefab(Clone)
40,52039;looked atDebugPrefab(Clone)
40,53159;looked atDebugPrefab(Clone)
40,54248;looked atRoom
40,55384;looked atRoom
40,56479;looked atRoom
40,57631;looked atRoom
40,58717;looked atRoom
40,5985;looked atDebugPrefab(Clone)
40,60936;looked atRoom
40,62071;looked atRoom
40,63181;looked atRoom
40,64273;looked atDebugPrefab(Clone)
40,6541;looked atDebugPrefab(Clone)
40,66504;looked atDebugPrefab(Clone)
40,6765;looked atDebugPrefab(Clone)
40,68736;looked atDebugPrefab(Clone)
40,69877;looked atDebugPrefab(Clone)
40,70967;looked atDebugPrefab(Clone)
40,72108;looked atDebugPrefab(Clone)
40,73223;looked atDebugPrefab(Clone)
40,74313;looked atDebugPrefab(Clone)
40,75447;looked atDebugPrefab(Clone)
40,76546;looked atDebugPrefab(Clone)
40,77678;looked atRoom
40,78763;looked atRoom
40,79895;looked atRoom
40,81001;looked atDebugPrefab(Clone)
40,8213;looked atDebugPrefab(Clone)
40,83244;looked atRoom
40,84341;looked atRoom
40,8547;looked atRoom
40,86567;looked atRoom
40,87711;looked atRoom
40,88808;looked atRoom
40,89942;looked atDebugPrefab(Clone)
40,91037;looked atDebugPrefab(Clone)
40,92171;looked atDebugPrefab(Clone)
40,93273;looked atDebugPrefab(Clone)
40,94367;looked atDebugPrefab(Clone)
40,95506;looked atDebugPrefab(Clone)
40,96603;looked atDebugPrefab(Clone)
40,97737;looked atDebugPrefab(Clone)
40,98832;looked atDebugPrefab(Clone)
40,99961;looked atDebugPrefab(Clone)
41,01059;looked atRoom
41,02192;looked atDebugPrefab(Clone)
41,03307;looked atDebugPrefab(Clone)
41,04403;looked atRoom
41,05534;looked atRoom
41,06625;looked atDebugPrefab(Clone)
41,07743;looked atDebugPrefab(Clone)
41,08838;looked atDebugPrefab(Clone)
41,09967;looked atDebugPrefab(Clone)
41,11067;looked atRoom
41,12204;looked atRoom
41,13346;looked atDebugPrefab(Clone)
41,14409;looked atDebugPrefab(Clone)
41,15543;looked atDebugPrefab(Clone)
41,16632;looked atDebugPrefab(Clone)
41,17766;looked atDebugPrefab(Clone)
41,18866;looked atDebugPrefab(Clone)
41,20023;looked atDebugPrefab(Clone)
41,21138;looked atDebugPrefab(Clone)
41,22212;looked atDebugPrefab(Clone)
41,23338;looked atRoom
41,24435;looked atRoom
41,25572;looked atRoom
41,26669;looked atRoom
41,2781;looked atRoom
41,28902;looked atRoom
41,30042;looked atRoom
41,31154;looked atRoom
41,32249;looked atRoom
41,33385;looked atRoom
41,34473;looked atDebugPrefab(Clone)
41,35625;looked atDebugPrefab(Clone)
41,36712;looked atDebugPrefab(Clone)
41,37838;looked atDebugPrefab(Clone)
41,38929;looked atDebugPrefab(Clone)
41,40072;looked atRoom
41,4118;looked atRoom
41,42278;looked atRoom
41,4341;looked atRoom
41,44502;looked atDebugPrefab(Clone)
41,45646;looked atDebugPrefab(Clone)
41,4673;looked atDebugPrefab(Clone)
41,47874;looked atDebugPrefab(Clone)
41,48957;looked atDebugPrefab(Clone)
41,50094;looked atDebugPrefab(Clone)
41,5121;looked atDebugPrefab(Clone)
41,52303;looked atDebugPrefab(Clone)
41,53439;looked atDebugPrefab(Clone)
41,54523;looked atDebugPrefab(Clone)
41,55654;looked atDebugPrefab(Clone)
41,56745;looked atDebugPrefab(Clone)
41,57883;looked atDebugPrefab(Clone)
41,58975;looked atDebugPrefab(Clone)
41,60112;looked atDebugPrefab(Clone)
41,6125;looked atDebugPrefab(Clone)
41,62322;looked atDebugPrefab(Clone)
41,63453;looked atDebugPrefab(Clone)
41,64535;looked atDebugPrefab(Clone)
41,65671;looked atDebugPrefab(Clone)
41,66776;looked atDebugPrefab(Clone)
41,67911;looked atDebugPrefab(Clone)
41,69002;looked atRoom
41,70137;looked atDebugPrefab(Clone)
41,71247;looked atDebugPrefab(Clone)
41,72349;looked atDebugPrefab(Clone)
41,7349;looked atRoom
41,7458;looked atDebugPrefab(Clone)
41,75769;looked atDebugPrefab(Clone)
41,76807;looked atRoom
41,77941;looked atDebugPrefab(Clone)
41,79029;looked atDebugPrefab(Clone)
41,80171;looked atDebugPrefab(Clone)
41,8127;looked atRoom
41,8238;looked atRoom
41,83516;looked atDebugPrefab(Clone)
41,84595;looked atDebugPrefab(Clone)
41,85727;looked atDebugPrefab(Clone)
41,86824;looked atDebugPrefab(Clone)
41,87957;looked atRoom
41,89051;looked atRoom
41,90189;looked atDebugPrefab(Clone)
41,913;looked atDebugPrefab(Clone)
41,92393;looked atDebugPrefab(Clone)
41,9353;looked atDebugPrefab(Clone)
41,94622;looked atDebugPrefab(Clone)
41,95758;looked atDebugPrefab(Clone)
41,96846;looked atDebugPrefab(Clone)
41,97995;looked atDebugPrefab(Clone)
41,99107;looked atDebugPrefab(Clone)
42,00187;looked atRoom
42,01323;looked atRoom
42,02415;looked atRoom
42,03549;looked atRoom
42,0464;looked atRoom
42,05774;looked atRoom
42,06874;looked atDebugPrefab(Clone)
42,08013;looked atDebugPrefab(Clone)
42,09106;looked atDebugPrefab(Clone)
42,10238;looked atDebugPrefab(Clone)
42,1135;looked atRoom
42,12448;looked atRoom
42,13599;looked atRoom
42,14688;looked atRoom
42,15817;looked atRoom
42,16906;looked atDebugPrefab(Clone)
42,18046;looked atDebugPrefab(Clone)
42,1916;looked atDebugPrefab(Clone)
42,20252;looked atDebugPrefab(Clone)
42,2139;looked atDebugPrefab(Clone)
42,22486;looked atDebugPrefab(Clone)
42,2363;looked atDebugPrefab(Clone)
42,24707;looked atDebugPrefab(Clone)
42,2585;looked atDebugPrefab(Clone)
42,2693;looked atDebugPrefab(Clone)
42,28067;looked atDebugPrefab(Clone)
42,29204;looked atDebugPrefab(Clone)
42,30283;looked atDebugPrefab(Clone)
42,31406;looked atDebugPrefab(Clone)
42,32502;looked atDebugPrefab(Clone)
42,33637;looked atRoom
42,34724;looked atRoom
42,35858;looked atRoom
42,36955;looked atDebugPrefab(Clone)
42,38091;looked atRoom
42,39203;looked atRoom
42,40296;looked atRoom
42,41433;looked atRoom
42,42532;looked atRoom
42,43657;looked atRoom
42,44757;looked atDebugPrefab(Clone)
42,45892;looked atDebugPrefab(Clone)
42,4698;looked atDebugPrefab(Clone)
42,48112;looked atDebugPrefab(Clone)
42,4923;looked atDebugPrefab(Clone)
42,5032;looked atRoom
42,51455;looked atRoom
42,52552;looked atRoom
42,53695;looked atDebugPrefab(Clone)
42,54784;looked atDebugPrefab(Clone)
42,55928;looked atDebugPrefab(Clone)
42,57014;looked atDebugPrefab(Clone)
42,58163;looked atDebugPrefab(Clone)
42,59262;looked atDebugPrefab(Clone)
42,60358;looked atDebugPrefab(Clone)
42,61504;looked atDebugPrefab(Clone)
42,62605;looked atDebugPrefab(Clone)
42,63714;looked atDebugPrefab(Clone)
42,64804;looked atDebugPrefab(Clone)
42,65941;looked atDebugPrefab(Clone)
42,67027;looked atDebugPrefab(Clone)
42,68159;looked atDebugPrefab(Clone)
42,69275;looked atDebugPrefab(Clone)
42,70369;looked atDebugPrefab(Clone)
42,71502;looked atDebugPrefab(Clone)
42,72598;looked atDebugPrefab(Clone)
42,73733;looked atRoom
42,74826;looked atRoom
42,75981;looked atRoom
42,771;looked atRoom
42,78168;looked atRoom
42,793;looked atDebugPrefab(Clone)
42,8039;looked atRoom
42,81522;looked atRoom
42,82613;looked atRoom
42,83759;looked atDebugPrefab(Clone)
42,84842;looked atDebugPrefab(Clone)
42,85974;looked atDebugPrefab(Clone)
42,8707;looked atDebugPrefab(Clone)
42,88206;looked atDebugPrefab(Clone)
42,89322;looked atDebugPrefab(Clone)
42,90414;looked atRoom
42,91567;looked atRoom
42,92662;looked atRoom
42,93782;looked atRoom
42,94888;looked atRoom
42,96011;looked atRoom
42,97112;looked atDebugPrefab(Clone)
42,98242;looked atDebugPrefab(Clone)
42,99441;looked atDebugPrefab(Clone)
43,00535;looked atDebugPrefab(Clone)
43,01655;looked atDebugPrefab(Clone)
43,02736;looked atDebugPrefab(Clone)
43,03872;looked atDebugPrefab(Clone)
43,04941;looked atDebugPrefab(Clone)
43,06064;looked atDebugPrefab(Clone)
43,07172;looked atDebugPrefab(Clone)
43,08261;looked atDebugPrefab(Clone)
43,09387;looked atDebugPrefab(Clone)
43,10469;looked atDebugPrefab(Clone)
43,11602;looked atDebugPrefab(Clone)
43,12687;looked atDebugPrefab(Clone)
43,13821;looked atDebugPrefab(Clone)
43,14909;looked atDebugPrefab(Clone)
43,16048;looked atDebugPrefab(Clone)
43,1716;looked atRoom
43,18259;looked atRoom
43,19383;looked atRoom
43,20477;looked atRoom
43,21613;looked atRoom
43,22715;looked atRoom
43,2385;looked atRoom
43,24936;looked atRoom
43,26067;looked atDebugPrefab(Clone)
43,27172;looked atDebugPrefab(Clone)
43,28273;looked atDebugPrefab(Clone)
43,29399;looked atDebugPrefab(Clone)
43,3049;looked atDebugPrefab(Clone)
43,31631;looked atDebugPrefab(Clone)
43,3273;looked atDebugPrefab(Clone)
43,33881;looked atDebugPrefab(Clone)
43,34955;looked atDebugPrefab(Clone)
43,3611;looked atDebugPrefab(Clone)
43,37209;looked atDebugPrefab(Clone)
43,383;looked atDebugPrefab(Clone)
43,39435;looked atDebugPrefab(Clone)
43,40522;looked atDebugPrefab(Clone)
43,41655;looked atDebugPrefab(Clone)
43,42744;looked atDebugPrefab(Clone)
43,43885;looked atDebugPrefab(Clone)
43,44981;looked atDebugPrefab(Clone)
43,46117;looked atDebugPrefab(Clone)
43,47226;looked atDebugPrefab(Clone)
43,48315;looked atDebugPrefab(Clone)
43,4945;looked atDebugPrefab(Clone)
43,50547;looked atRoom
43,51678;looked atDebugPrefab(Clone)
43,52769;looked atDebugPrefab(Clone)
43,53919;looked atDebugPrefab(Clone)
43,55005;looked atDebugPrefab(Clone)
43,56129;looked atDebugPrefab(Clone)
43,5724;looked atDebugPrefab(Clone)
43,5834;looked atDebugPrefab(Clone)
43,5947;looked atDebugPrefab(Clone)
43,60564;looked atDebugPrefab(Clone)
43,61712;looked atDebugPrefab(Clone)
43,62802;looked atDebugPrefab(Clone)
43,63942;looked atDebugPrefab(Clone)
43,65029;looked atDebugPrefab(Clone)
43,66166;looked atDebugPrefab(Clone)
43,67272;looked atDebugPrefab(Clone)
43,68365;looked atDebugPrefab(Clone)
43,69505;looked atDebugPrefab(Clone)
43,70599;looked atDebugPrefab(Clone)
43,71725;looked atDebugPrefab(Clone)
43,72819;looked atDebugPrefab(Clone)
43,73953;looked atDebugPrefab(Clone)
43,75047;looked atDebugPrefab(Clone)
43,76186;looked atDebugPrefab(Clone)
43,77299;looked atDebugPrefab(Clone)
43,78393;looked atDebugPrefab(Clone)
43,79533;looked atDebugPrefab(Clone)
43,8063;looked atDebugPrefab(Clone)
43,81757;looked atDebugPrefab(Clone)
43,82851;looked atDebugPrefab(Clone)
43,83986;looked atDebugPrefab(Clone)
43,85127;looked atDebugPrefab(Clone)
43,86209;looked atDebugPrefab(Clone)
43,87337;looked atRoom
43,88423;looked atRoom
43,89558;looked atRoom
43,90651;looked atDebugPrefab(Clone)
43,918;looked atDebugPrefab(Clone)
43,92879;looked atDebugPrefab(Clone)
43,94015;looked atDebugPrefab(Clone)
43,95107;looked atDebugPrefab(Clone)
43,96244;looked atDebugPrefab(Clone)
43,97356;looked atDebugPrefab(Clone)
43,98444;looked atDebugPrefab(Clone)
43,99574;looked atDebugPrefab(Clone)
44,00679;looked atDebugPrefab(Clone)
44,01811;looked atDebugPrefab(Clone)
44,02901;looked atDebugPrefab(Clone)
44,04041;looked atDebugPrefab(Clone)
44,05167;looked atDebugPrefab(Clone)
44,06256;looked atDebugPrefab(Clone)
44,07382;looked atDebugPrefab(Clone)
44,08483;looked atDebugPrefab(Clone)
44,09615;looked atDebugPrefab(Clone)
44,10704;looked atDebugPrefab(Clone)
44,11845;looked atDebugPrefab(Clone)
44,12938;looked atDebugPrefab(Clone)
44,14068;looked atRoom
44,15179;looked atRoom
44,16285;looked atRoom
44,17419;looked atRoom
44,18503;looked atRoom
44,19636;looked atRoom
44,20731;looked atRoom
44,21868;looked atRoom
44,22965;looked atRoom
44,24105;looked atDebugPrefab(Clone)
44,25221;looked atDebugPrefab(Clone)
44,26305;looked atDebugPrefab(Clone)
44,27441;looked atDebugPrefab(Clone)
44,28532;looked atDebugPrefab(Clone)
44,29676;looked atDebugPrefab(Clone)
44,30768;looked atDebugPrefab(Clone)
44,31908;looked atDebugPrefab(Clone)
44,32994;looked atDebugPrefab(Clone)
44,34122;looked atDebugPrefab(Clone)
44,35233;looked atDebugPrefab(Clone)
44,36322;looked atDebugPrefab(Clone)
44,37463;looked atDebugPrefab(Clone)
44,38554;looked atDebugPrefab(Clone)
44,39706;looked atDebugPrefab(Clone)
44,40781;looked atDebugPrefab(Clone)
44,41911;looked atDebugPrefab(Clone)
44,43008;looked atDebugPrefab(Clone)
44,44147;looked atDebugPrefab(Clone)
44,45265;looked atDebugPrefab(Clone)
44,46358;looked atDebugPrefab(Clone)
44,47479;looked atDebugPrefab(Clone)
44,48571;looked atDebugPrefab(Clone)
44,49693;looked atDebugPrefab(Clone)
44,50787;looked atDebugPrefab(Clone)
44,51921;looked atDebugPrefab(Clone)
44,53016;looked atDebugPrefab(Clone)
44,54158;looked atDebugPrefab(Clone)
44,55271;looked atDebugPrefab(Clone)
44,5636;looked atDebugPrefab(Clone)
44,57495;looked atDebugPrefab(Clone)
44,58595;looked atDebugPrefab(Clone)
44,59734;looked atDebugPrefab(Clone)
44,60827;looked atDebugPrefab(Clone)
44,61972;looked atDebugPrefab(Clone)
44,63098;looked atDebugPrefab(Clone)
44,64185;looked atDebugPrefab(Clone)
44,65314;looked atDebugPrefab(Clone)
44,664;looked atDebugPrefab(Clone)
44,67531;looked atDebugPrefab(Clone)
44,68613;looked atDebugPrefab(Clone)
44,69754;looked atDebugPrefab(Clone)
44,70846;looked atDebugPrefab(Clone)
44,71984;looked atDebugPrefab(Clone)
44,73108;looked atDebugPrefab(Clone)
44,74183;looked atDebugPrefab(Clone)
44,75346;looked atDebugPrefab(Clone)
44,76442;looked atDebugPrefab(Clone)
44,77534;looked atDebugPrefab(Clone)
44,78629;looked atDebugPrefab(Clone)
44,79719;looked atDebugPrefab(Clone)
44,8092;looked atDebugPrefab(Clone)
44,82048;looked atDebugPrefab(Clone)
44,83149;looked atDebugPrefab(Clone)
44,84224;looked atDebugPrefab(Clone)
44,85352;looked atDebugPrefab(Clone)
44,86419;looked atDebugPrefab(Clone)
44,87553;looked atDebugPrefab(Clone)
44,88645;looked atDebugPrefab(Clone)
44,89773;looked atDebugPrefab(Clone)
44,90861;looked atDebugPrefab(Clone)
44,91995;looked atDebugPrefab(Clone)
44,93086;looked atDebugPrefab(Clone)
44,94239;looked atDebugPrefab(Clone)
44,95335;looked atDebugPrefab(Clone)
44,96415;looked atDebugPrefab(Clone)
44,97547;looked atRoom
44,98643;looked atRoom
44,99781;looked atDebugPrefab(Clone)
45,00877;looked atDebugPrefab(Clone)
45,02013;looked atDebugPrefab(Clone)
45,03105;looked atDebugPrefab(Clone)
45,04247;looked atDebugPrefab(Clone)
45,05352;looked atDebugPrefab(Clone)
45,06455;looked atDebugPrefab(Clone)
45,07593;looked atDebugPrefab(Clone)
45,08668;looked atDebugPrefab(Clone)
45,09821;looked atDebugPrefab(Clone)
45,10904;looked atDebugPrefab(Clone)
45,12036;looked atDebugPrefab(Clone)
45,1313;looked atDebugPrefab(Clone)
45,1426;looked atDebugPrefab(Clone)
45,15388;looked atDebugPrefab(Clone)
45,16479;looked atDebugPrefab(Clone)
45,17608;looked atDebugPrefab(Clone)
45,18704;looked atDebugPrefab(Clone)
45,19843;looked atDebugPrefab(Clone)
45,20937;looked atDebugPrefab(Clone)
45,22072;looked atDebugPrefab(Clone)
45,23195;looked atDebugPrefab(Clone)
45,24285;looked atDebugPrefab(Clone)
45,25425;looked atDebugPrefab(Clone)
45,26521;looked atDebugPrefab(Clone)
45,27646;looked atRoom
45,28728;looked atRoom
45,29876;looked atDebugPrefab(Clone)
45,30977;looked atDebugPrefab(Clone)
45,32106;looked atDebugPrefab(Clone)
45,33205;looked atDebugPrefab(Clone)
45,34281;looked atDebugPrefab(Clone)
45,35414;looked atDebugPrefab(Clone)
45,36507;looked atDebugPrefab(Clone)
45,37654;looked atDebugPrefab(Clone)
45,38756;looked atDebugPrefab(Clone)
45,39884;looked atDebugPrefab(Clone)
45,41005;looked atDebugPrefab(Clone)
45,42085;looked atDebugPrefab(Clone)
45,43217;looked atDebugPrefab(Clone)
45,44312;looked atDebugPrefab(Clone)
45,45452;looked atDebugPrefab(Clone)
45,46542;looked atDebugPrefab(Clone)
45,47695;looked atDebugPrefab(Clone)
45,48779;looked atDebugPrefab(Clone)
45,49909;looked atDebugPrefab(Clone)
45,50998;looked atDebugPrefab(Clone)
45,52141;looked atDebugPrefab(Clone)
45,53254;looked atDebugPrefab(Clone)
45,54345;looked atDebugPrefab(Clone)
45,5548;looked atDebugPrefab(Clone)
45,56584;looked atDebugPrefab(Clone)
45,57725;looked atDebugPrefab(Clone)
45,58798;looked atDebugPrefab(Clone)
45,59934;looked atDebugPrefab(Clone)
45,61021;looked atDebugPrefab(Clone)
45,6216;looked atDebugPrefab(Clone)
45,63274;looked atDebugPrefab(Clone)
45,64371;looked atRoom
45,65506;looked atRoom
45,66605;looked atRoom
45,67741;looked atRoom
45,68829;looked atDebugPrefab(Clone)
45,69976;looked atDebugPrefab(Clone)
45,71064;looked atDebugPrefab(Clone)
45,72205;looked atDebugPrefab(Clone)
45,73313;looked atDebugPrefab(Clone)
45,74398;looked atDebugPrefab(Clone)
45,75539;looked atDebugPrefab(Clone)
45,76637;looked atDebugPrefab(Clone)
45,77769;looked atDebugPrefab(Clone)
45,78866;looked atDebugPrefab(Clone)
45,79994;looked atDebugPrefab(Clone)
45,8109;looked atDebugPrefab(Clone)
45,82238;looked atDebugPrefab(Clone)
45,83335;looked atDebugPrefab(Clone)
45,8442;looked atDebugPrefab(Clone)
45,85559;looked atDebugPrefab(Clone)
45,86652;looked atDebugPrefab(Clone)
45,87804;looked atDebugPrefab(Clone)
45,88886;looked atDebugPrefab(Clone)
45,90016;looked atRoom
45,91106;looked atRoom
45,92242;looked atRoom
45,93354;looked atRoom
45,94456;looked atRoom
45,95585;looked atRoom
45,96679;looked atRoom
45,97908;looked atDebugPrefab(Clone)
45,98999;looked atDebugPrefab(Clone)
46,00121;looked atDebugPrefab(Clone)
46,01219;looked atDebugPrefab(Clone)
46,02301;looked atDebugPrefab(Clone)
46,0343;looked atDebugPrefab(Clone)
46,04518;looked atDebugPrefab(Clone)
46,05638;looked atDebugPrefab(Clone)
46,06723;looked atDebugPrefab(Clone)
46,07862;looked atDebugPrefab(Clone)
46,08928;looked atDebugPrefab(Clone)
46,10059;looked atDebugPrefab(Clone)
46,11178;looked atDebugPrefab(Clone)
46,12263;looked atDebugPrefab(Clone)
46,13397;looked atDebugPrefab(Clone)
46,1449;looked atDebugPrefab(Clone)
46,15622;looked atDebugPrefab(Clone)
46,16726;looked atDebugPrefab(Clone)
46,17848;looked atDebugPrefab(Clone)
46,18993;looked atDebugPrefab(Clone)
46,20067;looked atDebugPrefab(Clone)
46,2119;looked atRoom
46,22276;looked atRoom
46,23411;looked atRoom
46,24507;looked atRoom
46,25639;looked atRoom
46,26741;looked atRoom
46,2788;looked atRoom
46,2897;looked atRoom
46,30101;looked atRoom
46,31226;looked atRoom
46,32313;looked atDebugPrefab(Clone)
46,33437;looked atDebugPrefab(Clone)
46,34542;looked atDebugPrefab(Clone)
46,3568;looked atDebugPrefab(Clone)
46,36767;looked atRoom
46,37897;looked atRoom
46,38987;looked atRoom
46,40123;looked atRoom
46,41232;looked atRoom
46,42326;looked atRoom
46,43466;looked atRoom
46,44555;looked atRoom
46,45696;looked atRoom
46,46788;looked atRoom
46,47931;looked atRoom
46,49017;looked atRoom
46,50169;looked atRoot
46,51266;looked atRoot
46,52352;looked atRoot
46,53487;looked atRoot
46,54578;looked atRoot
46,55715;looked atRoot
46,56808;looked atRoot
46,5795;looked atRoot
46,5904;looked atRoot
46,60179;looked atRoot
46,61296;looked atRoot
46,62387;looked atRoot
46,63523;looked atRoot
46,64611;looked atTable2
46,65755;looked atTable2
46,66841;looked atTable2
46,67981;looked atTable2
46,69061;looked atTable2
46,70193;looked atTable2
46,71311;looked atTable2
46,72403;looked atTable2
46,73544;looked atTable2
46,74635;looked atTable2
46,75776;looked atTable2
46,76876;looked atTable2
46,78009;looked atTable2
46,79091;looked atTable2
46,80222;looked atTable2
46,81365;looked atTable2
46,82444;looked atTable2
46,83567;looked atTable2
46,84653;looked atDebugPrefab(Clone)
46,8579;looked atDebugPrefab(Clone)
46,86887;looked atTable2
46,88018;looked atTable2
46,89139;looked atTable2
46,90232;looked atTable2
46,91365;looked atTable2
46,92447;looked atTable2
46,93585;looked atTable2
46,94672;looked atRoom
46,9581;looked atDebugPrefab(Clone)
46,96933;looked atRoom
46,98026;looked atRoom
46,99135;looked atRoom
47,00271;looked atRoom
47,01395;looked atRoom
47,02482;looked atRoom
47,03622;looked atRoom
47,04712;looked atRoom
47,05854;looked atRoom
47,06944;looked atRoom
47,08081;looked atRoom
47,09195;looked atRoom
47,1029;looked atRoom
47,11425;looked atRoom
47,12526;looked atRoom
47,13655;looked atRoom
47,14754;looked atRoom
47,15883;looked atRoom
47,16971;looked atTable2
47,18106;looked atTable2
47,19224;looked atTable2
47,2032;looked atTable2
47,21457;looked atTable2
47,22553;looked atTable2
47,23689;looked atTable2
47,24783;looked atTable2
47,25918;looked atDebugPrefab(Clone)
47,27019;looked atDebugPrefab(Clone)
47,28185;looked atTable2
47,29279;looked atTable2
47,30357;looked atTable2
47,31538;looked atTable2
47,3258;looked atTable2
47,33699;looked atRoom
47,34793;looked atRoom
47,35936;looked atRoom
47,37031;looked atRoom
47,38163;looked atRoom
47,39281;looked atRoom
47,40374;looked atRoom
47,4151;looked atRoom
47,42607;looked atRoom
47,43763;looked atRoom
47,44849;looked atRoom
47,45982;looked atRoom
47,47071;looked atRoom
47,48206;looked atRoom
47,49325;looked atRoom
47,5042;looked atRoom
47,51563;looked atRoom
47,52643;looked atRoom
47,53773;looked atRoom
47,54866;looked atRoom
47,56014;looked atRoom
47,57101;looked atRoom
47,58236;looked atRoom
47,59362;looked atRoom
47,60449;looked atRoom
47,61578;looked atRoom
47,62669;looked atRoom
47,63806;looked atRoom
47,64905;looked atRoom
47,66039;looked atRoom
47,6716;looked atRoom
47,68253;looked atRoom
47,69379;looked atRoom
47,70471;looked atRoom
47,71605;looked atRoom
47,7273;looked atRoom
47,73867;looked atRoom
47,74988;looked atRoom
47,7608;looked atRoom
47,77215;looked atTable2
47,78303;looked atTable2
47,79438;looked atRoom
47,80537;looked atRoom
47,81683;looked atRoom
47,82777;looked atRoom
47,83904;looked atTable2
47,84996;looked atRoom
47,86137;looked atRoom
47,8726;looked atRoom
47,88354;looked atRoom
47,89494;looked atRoom
47,90604;looked atRoom
47,91735;looked atTable2
47,92819;looked atRoom
47,93948;looked atRoom
47,95044;looked atRoom
47,96185;looked atRoom
47,97297;looked atRoom
47,98398;looked atDebugPrefab(Clone)
47,99533;looked atRoom
48,00624;looked atRoom
48,01764;looked atRoom
48,02864;looked atRoom
48,03995;looked atRoom
48,05095;looked atRoom
48,06242;looked atRoom
48,07356;looked atRoom
48,08435;looked atRoom
48,09564;looked atRoom
48,10675;looked atRoom
48,11798;looked atRoom
48,12885;looked atRoom
48,14016;looked atRoom
48,15118;looked atRoom
48,16253;looked atRoom
48,17365;looked atRoom
48,18458;looked atRoom
48,19601;looked atRoom
48,2069;looked atShadowLogger
48,21832;looked atShadowLogger
48,22924;looked atShadowLogger
48,24053;looked atShadowLogger
48,25167;looked atShadowLogger
48,26258;looked atShadowLogger
48,27398;looked atShadowLogger
48,28492;looked atShadowLogger
48,29625;looked atShadowLogger
48,30725;looked atShadowLogger
48,31864;looked atShadowLogger
48,32962;looked atShadowLogger
48,3408;looked atShadowLogger
48,35184;looked atShadowLogger
48,36279;looked atShadowLogger
48,3743;looked atShadowLogger
48,38517;looked atShadowLogger
48,39645;looked atShadowLogger
48,40731;looked atShadowLogger
48,4187;looked atShadowLogger
48,42966;looked atShadowLogger
48,44105;looked atShadowLogger
48,45216;looked atShadowLogger
48,46307;looked atShadowLogger
48,47444;looked atDebugPrefab(Clone)
48,48542;looked atShadowLogger
48,49678;looked atShadowLogger
48,50779;looked atShadowLogger
48,51916;looked atShadowLogger
48,53043;looked atShadowLogger
48,54121;looked atShadowLogger
48,55246;looked atShadowLogger
48,56342;looked atShadowLogger
48,57478;looked atShadowLogger
48,58569;looked atShadowLogger
48,59712;looked atShadowLogger
48,60804;looked atShadowLogger
48,61941;looked atShadowLogger
48,63036;looked atShadowLogger
48,64172;looked atShadowLogger
48,65286;looked atShadowLogger
48,66379;looked atShadowLogger
48,67519;looked atShadowLogger
48,68618;looked atShadowLogger
48,69753;looked atShadowLogger
48,7084;looked atShadowLogger
48,71973;looked atShadowLogger
48,73038;looked atShadowLogger
48,7417;looked atShadowLogger
48,75287;looked atDebugPrefab(Clone)
48,76395;looked atDebugPrefab(Clone)
48,77525;looked atShadowLogger
48,78611;looked atShadowLogger
48,79739;looked atShadowLogger
48,80833;looked atShadowLogger
48,8199;looked atDebugPrefab(Clone)
48,83073;looked atShadowLogger
48,84208;looked atShadowLogger
48,85316;looked atShadowLogger
48,86406;looked atShadowLogger
48,87534;looked atShadowLogger
48,8863;looked atShadowLogger
48,89767;looked atShadowLogger
48,90862;looked atShadowLogger
48,92007;looked atDebugPrefab(Clone)
48,93093;looked atDebugPrefab(Clone)
48,9423;looked atDebugPrefab(Clone)
48,95336;looked atDebugPrefab(Clone)
48,96432;looked atDebugPrefab(Clone)
48,9757;looked atDebugPrefab(Clone)
48,98661;looked atDebugPrefab(Clone)
48,99808;looked atShadowLogger
49,00895;looked atShadowLogger
49,02026;looked atDebugPrefab(Clone)
49,03117;looked atDebugPrefab(Clone)
49,0425;looked atShadowLogger
49,0537;looked atShadowLogger
49,0646;looked atShadowLogger
49,07592;looked atShadowLogger
49,08687;looked atShadowLogger
49,09824;looked atShadowLogger
49,10917;looked atShadowLogger
49,12053;looked atShadowLogger
49,13167;looked atDebugPrefab(Clone)
49,14252;looked atShadowLogger
49,15401;looked atShadowLogger
49,16488;looked atShadowLogger
49,17612;looked atShadowLogger
49,18705;looked atShadowLogger
49,19837;looked atShadowLogger
49,20932;looked atShadowLogger
49,22069;looked atShadowLogger
49,23162;looked atShadowLogger
49,243;looked atShadowLogger
49,25415;looked atDebugPrefab(Clone)
49,2651;looked atShadowLogger
49,27641;looked atShadowLogger
49,28735;looked atShadowLogger
49,29868;looked atShadowLogger
49,30988;looked atShadowLogger
49,32085;looked atShadowLogger
49,3322;looked atShadowLogger
49,34293;looked atDebugPrefab(Clone)
49,35421;looked atShadowLogger
49,36511;looked atShadowLogger
49,3765;looked atShadowLogger
49,38747;looked atShadowLogger
49,39882;looked atShadowLogger
49,4098;looked atShadowLogger
49,42114;looked atShadowLogger
49,43225;looked atShadowLogger
49,44323;looked atShadowLogger
49,45454;looked atDebugPrefab(Clone)
49,46557;looked atShadowLogger
49,47694;looked atDebugPrefab(Clone)
49,4878;looked atShadowLogger
49,49908;looked atShadowLogger
49,51006;looked atDebugPrefab(Clone)
49,52142;looked atDebugPrefab(Clone)
49,53262;looked atShadowLogger
49,5435;looked atDebugPrefab(Clone)
49,5549;looked atDebugPrefab(Clone)
49,56575;looked atDebugPrefab(Clone)
49,57708;looked atDebugPrefab(Clone)
49,58803;looked atDebugPrefab(Clone)
49,5994;looked atDebugPrefab(Clone)
49,61034;looked atDebugPrefab(Clone)
49,6219;looked atDebugPrefab(Clone)
49,63288;looked atDebugPrefab(Clone)
49,64375;looked atShadowLogger
49,65506;looked atDebugPrefab(Clone)
49,66602;looked atShadowLogger
49,67738;looked atShadowLogger
49,6883;looked atShadowLogger
49,69966;looked atShadowLogger
49,71057;looked atShadowLogger
49,7219;looked atShadowLogger
49,73315;looked atShadowLogger
49,74401;looked atShadowLogger
49,75534;looked atDebugPrefab(Clone)
49,76627;looked atDebugPrefab(Clone)
49,77773;looked atShadowLogger
49,78862;looked atShadowLogger
49,79982;looked atShadowLogger
49,81075;looked atShadowLogger
49,82217;looked atShadowLogger
49,8331;looked atShadowLogger
49,844;looked atShadowLogger
49,85534;looked atShadowLogger
49,86627;looked atDebugPrefab(Clone)
49,87764;looked atDebugPrefab(Clone)
49,88856;looked atShadowLogger
49,89986;looked atShadowLogger
49,91082;looked atShadowLogger
49,92216;looked atShadowLogger
49,93355;looked atShadowLogger
49,94434;looked atShadowLogger
49,95566;looked atShadowLogger
49,96657;looked atDebugPrefab(Clone)
49,97791;looked atDebugPrefab(Clone)
49,98885;looked atDebugPrefab(Clone)
50,00022;looked atDebugPrefab(Clone)
50,01118;looked atDebugPrefab(Clone)
50,02251;looked atShadowLogger
50,0337;looked atShadowLogger
50,04463;looked atShadowLogger
50,056;looked atShadowLogger
50,0669;looked atDebugPrefab(Clone)
50,07825;looked atDebugPrefab(Clone)
50,08951;looked atDebugPrefab(Clone)
50,10036;looked atShadowLogger
50,11143;looked atShadowLogger
50,12281;looked atShadowLogger
50,13403;looked atShadowLogger
50,14486;looked atShadowLogger
50,15615;looked atShadowLogger
50,16709;looked atDebugPrefab(Clone)
50,17844;looked atDebugPrefab(Clone)
50,18938;looked atDebugPrefab(Clone)
50,2008;looked atDebugPrefab(Clone)
50,21196;looked atDebugPrefab(Clone)
50,22283;looked atDebugPrefab(Clone)
50,23417;looked atDebugPrefab(Clone)
50,24519;looked atShadowLogger
50,25661;looked atShadowLogger
50,26745;looked atDebugPrefab(Clone)
50,27871;looked atDebugPrefab(Clone)
50,28965;looked atDebugPrefab(Clone)
50,30105;looked atDebugPrefab(Clone)
50,3122;looked atDebugPrefab(Clone)
50,32322;looked atDebugPrefab(Clone)
50,33456;looked atDebugPrefab(Clone)
50,34528;looked atDebugPrefab(Clone)
50,35656;looked atDebugPrefab(Clone)
50,36752;looked atDebugPrefab(Clone)
50,37893;looked atDebugPrefab(Clone)
50,38986;looked atDebugPrefab(Clone)
50,40137;looked atDebugPrefab(Clone)
50,41241;looked atDebugPrefab(Clone)
50,42331;looked atShadowLogger
50,4346;looked atShadowLogger
50,44559;looked atShadowLogger
50,45689;looked atShadowLogger
50,46788;looked atShadowLogger
50,47924;looked atShadowLogger
50,49014;looked atShadowLogger
50,5015;looked atShadowLogger
50,51276;looked atShadowLogger
50,52363;looked atShadowLogger
50,53496;looked atShadowLogger
50,54591;looked atShadowLogger
50,55729;looked atShadowLogger
50,56812;looked atShadowLogger
50,57943;looked atShadowLogger
50,5903;looked atShadowLogger
50,60165;looked atShadowLogger
50,6128;looked atShadowLogger
50,62374;looked atShadowLogger
50,63509;looked atRoom
50,64598;looked atRoom
50,65731;looked atRoom
50,66828;looked atRoom
50,67967;looked atRoom
50,69057;looked atRoom
50,70189;looked atRoom
50,71312;looked atRoom
50,72405;looked atRoom
50,73529;looked atRoom
50,74633;looked atRoom
50,75772;looked atRoom
50,76871;looked atRoom
50,77987;looked atRoom
50,79072;looked atDebugPrefab(Clone)
50,80204;looked atRoom
50,81322;looked atRoom
50,82426;looked atDebugPrefab(Clone)
50,83546;looked atRoom
50,84633;looked atRoom
50,85766;looked atRoom
50,86879;looked atRoom
50,88014;looked atRoom
50,89098;looked atRoom
50,90231;looked atRoom
50,91356;looked atRoom
50,92443;looked atRoom
50,93577;looked atRoom
50,94685;looked atRoom
50,95817;looked atRoom
50,96909;looked atRoom
50,98041;looked atRoom
50,99134;looked atRoom
51,0027;looked atDebugPrefab(Clone)
51,01387;looked atDebugPrefab(Clone)
51,02483;looked atRoom
51,03617;looked atRoom
51,04707;looked atRoom
51,05848;looked atRoom
51,0693;looked atRoom
51,08069;looked atRoom
51,09177;looked atRoom
51,1027;looked atDebugPrefab(Clone)
51,11406;looked atRoom
51,12499;looked atRoom
51,13638;looked atRoom
51,14733;looked atRoom
51,15861;looked atRoom
51,16949;looked atRoom
51,18095;looked atRoom
51,19211;looked atRoom
51,20293;looked atRoom
51,21432;looked atRoom
51,22518;looked atRoom
51,23654;looked atRoom
51,24746;looked atRoom
51,25885;looked atRoom
51,26978;looked atRoom
51,28123;looked atRoom
51,2923;looked atRoom
51,30318;looked atShadowLogger
51,31435;looked atShadowLogger
51,32533;looked atShadowLogger
51,3367;looked atShadowLogger
51,34761;looked atShadowLogger
51,35886;looked atShadowLogger
51,36971;looked atShadowLogger
51,3811;looked atShadowLogger
51,3922;looked atShadowLogger
51,40312;looked atShadowLogger
51,41451;looked atShadowLogger
51,42544;looked atShadowLogger
51,43676;looked atShadowLogger
51,44775;looked atShadowLogger
51,45912;looked atShadowLogger
51,47002;looked atShadowLogger
51,48139;looked atShadowLogger
51,49264;looked atShadowLogger
51,50359;looked atShadowLogger
51,51491;looked atShadowLogger
51,52578;looked atDebugPrefab(Clone)
51,53719;looked atShadowLogger
51,54809;looked atShadowLogger
51,55959;looked atShadowLogger
51,57045;looked atShadowLogger
51,5818;looked atShadowLogger
51,59288;looked atShadowLogger
51,60382;looked atShadowLogger
51,6153;looked atShadowLogger
51,62619;looked atDebugPrefab(Clone)
51,63752;looked atShadowLogger
51,64851;looked atDebugPrefab(Clone)
51,65988;looked atDebugPrefab(Clone)
51,67076;looked atDebugPrefab(Clone)
51,68201;looked atShadowLogger
51,6932;looked atShadowLogger
51,70411;looked atShadowLogger
51,71548;looked atShadowLogger
51,72638;looked atDebugPrefab(Clone)
51,73771;looked atShadowLogger
51,74871;looked atShadowLogger
51,76007;looked atShadowLogger
51,77101;looked atShadowLogger
51,78233;looked atShadowLogger
51,79343;looked atShadowLogger
51,80442;looked atShadowLogger
51,81574;looked atShadowLogger
51,82669;looked atDebugPrefab(Clone)
51,83795;looked atShadowLogger
51,84885;looked atShadowLogger
51,86016;looked atShadowLogger
51,87116;looked atShadowLogger
51,88253;looked atDebugPrefab(Clone)
51,89365;looked atShadowLogger
51,90455;looked atDebugPrefab(Clone)
51,91597;looked atDebugPrefab(Clone)
51,92693;looked atShadowLogger
51,93824;looked atDebugPrefab(Clone)
51,94913;looked atDebugPrefab(Clone)
51,96063;looked atDebugPrefab(Clone)
51,97176;looked atDebugPrefab(Clone)
51,98256;looked atDebugPrefab(Clone)
51,99389;looked atDebugPrefab(Clone)
52,00483;looked atShadowLogger
52,01618;looked atDebugPrefab(Clone)
52,02721;looked atDebugPrefab(Clone)
52,03851;looked atDebugPrefab(Clone)
52,04952;looked atShadowLogger
52,06084;looked atShadowLogger
52,07193;looked atShadowLogger
52,08281;looked atShadowLogger
52,09414;looked atShadowLogger
52,10508;looked atShadowLogger
52,11657;looked atShadowLogger
52,1275;looked atShadowLogger
52,13873;looked atDebugPrefab(Clone)
52,14963;looked atDebugPrefab(Clone)
52,16103;looked atDebugPrefab(Clone)
52,17218;looked atShadowLogger
52,18307;looked atShadowLogger
52,19434;looked atShadowLogger
52,20521;looked atShadowLogger
52,2166;looked atShadowLogger
52,22755;looked atShadowLogger
52,23883;looked atShadowLogger
52,24977;looked atDebugPrefab(Clone)
52,26115;looked atDebugPrefab(Clone)
52,27246;looked atDebugPrefab(Clone)
52,28332;looked atDebugPrefab(Clone)
52,2946;looked atShadowLogger
52,30547;looked atShadowLogger
52,31704;looked atShadowLogger
52,3278;looked atShadowLogger
52,33904;looked atShadowLogger
52,34992;looked atDebugPrefab(Clone)
52,36136;looked atShadowLogger
52,37244;looked atShadowLogger
52,38336;looked atShadowLogger
52,39473;looked atShadowLogger
52,40563;looked atShadowLogger
52,41702;looked atShadowLogger
52,42805;looked atShadowLogger
52,43937;looked atShadowLogger
52,45029;looked atDebugPrefab(Clone)
52,46161;looked atShadowLogger
52,47281;looked atShadowLogger
52,48364;looked atShadowLogger
52,49509;looked atShadowLogger
52,50597;looked atShadowLogger
52,51733;looked atDebugPrefab(Clone)
52,52829;looked atDebugPrefab(Clone)
52,53961;looked atShadowLogger
52,55056;looked atShadowLogger
52,56205;looked atDebugPrefab(Clone)
52,57306;looked atShadowLogger
52,58403;looked atShadowLogger
52,59538;looked atShadowLogger
52,60621;looked atShadowLogger
52,61757;looked atShadowLogger
52,62848;looked atShadowLogger
52,63983;looked atShadowLogger
52,65082;looked atShadowLogger
52,66212;looked atShadowLogger
52,67327;looked atShadowLogger
52,68431;looked atShadowLogger
52,69548;looked atShadowLogger
52,70636;looked atShadowLogger
52,71776;looked atShadowLogger
52,72869;looked atShadowLogger
52,74016;looked atShadowLogger
52,75127;looked atShadowLogger
52,76218;looked atDebugPrefab(Clone)
52,77368;looked atShadowLogger
52,78434;looked atShadowLogger
52,79564;looked atShadowLogger
52,80659;looked atShadowLogger
52,81793;looked atShadowLogger
52,82907;looked atShadowLogger
52,84028;looked atShadowLogger
52,85118;looked atShadowLogger
52,86247;looked atShadowLogger
52,87375;looked atDebugPrefab(Clone)
52,88462;looked atDebugPrefab(Clone)
52,89605;looked atDebugPrefab(Clone)
52,90689;looked atDebugPrefab(Clone)
52,91821;looked atDebugPrefab(Clone)
52,92916;looked atShadowLogger
52,94047;looked atShadowLogger
52,95144;looked atShadowLogger
52,96286;looked atShadowLogger
52,97404;looked atShadowLogger
52,98491;looked atShadowLogger
52,99627;looked atShadowLogger
53,00717;looked atShadowLogger
53,01852;looked atShadowLogger
53,02947;looked atShadowLogger
53,04085;looked atShadowLogger
53,05205;looked atShadowLogger
53,06295;looked atShadowLogger
53,07423;looked atDebugPrefab(Clone)
53,08512;looked atDebugPrefab(Clone)
53,09644;looked atShadowLogger
53,10738;looked atShadowLogger
53,11878;looked atShadowLogger
53,12976;looked atDebugPrefab(Clone)
53,14112;looked atDebugPrefab(Clone)
53,15229;looked atDebugPrefab(Clone)
53,16314;looked atShadowLogger
53,17453;looked atShadowLogger
53,18542;looked atDebugPrefab(Clone)
53,19677;looked atDebugPrefab(Clone)
53,20773;looked atDebugPrefab(Clone)
53,21914;looked atDebugPrefab(Clone)
53,23;looked atShadowLogger
53,24128;looked atShadowLogger
53,25243;looked atDebugPrefab(Clone)
53,26336;looked atShadowLogger
53,27477;looked atDebugPrefab(Clone)
53,28563;looked atDebugPrefab(Clone)
53,29699;looked atDebugPrefab(Clone)
53,30795;looked atShadowLogger
53,31941;looked atShadowLogger
53,33092;looked atRoom
53,34214;looked atRoom
53,35314;looked atRoom
53,36386;looked atRoom
53,37525;looked atRoom
53,38605;looked atRoom
53,39734;looked atDebugPrefab(Clone)
53,40812;looked atDebugPrefab(Clone)
53,41942;looked atRoom
53,43029;looked atDebugPrefab(Clone)
53,44156;looked atDebugPrefab(Clone)
53,45267;looked atDebugPrefab(Clone)
53,46361;looked atRoom
53,47492;looked atRoom
53,48577;looked atRoom
53,49713;looked atRoom
53,50808;looked atDebugPrefab(Clone)
53,51951;looked atDebugPrefab(Clone)
53,53043;looked atDebugPrefab(Clone)
53,54169;looked atDebugPrefab(Clone)
53,55276;looked atDebugPrefab(Clone)
53,56372;looked atDebugPrefab(Clone)
53,57504;looked atRoom
53,58604;looked atRoom
53,59737;looked atRoom
53,6083;looked atRoom
53,61964;looked atRoom
53,63055;looked atRoom
53,64193;looked atRoom
53,65298;looked atRoom
53,66387;looked atRoom
53,67538;looked atRoom
53,68636;looked atRoom
53,6976;looked atRoom
53,70846;looked atRoom
53,7198;looked atRoom
53,73075;looked atRoom
53,7421;looked atRoom
53,75328;looked atRoom
53,76419;looked atRoom
53,777;looked atRoom
53,78648;looked atRoom
53,79907;looked atRoom
53,80873;looked atRoom
53,82089;looked atRoom
53,84377;looked atDebugPrefab(Clone)
53,8549;looked atDebugPrefab(Clone)
53,86698;looked atDebugPrefab(Clone)
53,87806;looked atRoom
53,88995;looked atRoom
53,90223;looked atRoom
53,91417;looked atDebugPrefab(Clone)
53,92575;looked atRoom
53,93776;looked atRoom
53,94923;looked atRoom
53,9611;looked atRoom
53,97257;looked atRoom
53,98423;looked atRoom
53,99594;looked atRoom
54,00673;looked atRoom
54,01836;looked atDebugPrefab(Clone)
54,02934;looked atDebugPrefab(Clone)
54,04092;looked atRoom
54,05214;looked atDebugPrefab(Clone)
54,06321;looked atDebugPrefab(Clone)
54,07468;looked atRoom
54,08576;looked atRoom
54,0972;looked atRoom
54,10823;looked atRoom
54,11967;looked atDebugPrefab(Clone)
54,13069;looked atDebugPrefab(Clone)
54,14223;looked atShadowLogger
54,15331;looked atShadowLogger
54,16418;looked atShadowLogger
54,18676;looked atShadowLogger
54,19762;looked atShadowLogger
54,20845;looked atShadowLogger
54,21985;looked atDebugPrefab(Clone)
54,23073;looked atDebugPrefab(Clone)
54,24202;looked atDebugPrefab(Clone)
54,25319;looked atShadowLogger
54,2641;looked atDebugPrefab(Clone)
54,27544;looked atShadowLogger
54,28642;looked atShadowLogger
54,29778;looked atShadowLogger
54,30869;looked atShadowLogger
54,31997;looked atDebugPrefab(Clone)
54,33097;looked atShadowLogger
54,34224;looked atDebugPrefab(Clone)
54,35327;looked atDebugPrefab(Clone)
54,36421;looked atDebugPrefab(Clone)
54,37559;looked atShadowLogger
54,38653;looked atShadowLogger
54,39787;looked atShadowLogger
54,40885;looked atRoom
54,42017;looked atDebugPrefab(Clone)
54,4311;looked atDebugPrefab(Clone)
54,44242;looked atDebugPrefab(Clone)
54,45367;looked atDebugPrefab(Clone)
54,4646;looked atDebugPrefab(Clone)
54,47586;looked atRoom
54,48679;looked atRoom
54,49824;looked atRoom
54,50911;looked atRoom
54,52047;looked atRoom
54,5316;looked atDebugPrefab(Clone)
54,54255;looked atDebugPrefab(Clone)
54,55392;looked atDebugPrefab(Clone)
54,56488;looked atDebugPrefab(Clone)
54,57626;looked atDebugPrefab(Clone)
54,58716;looked atDebugPrefab(Clone)
54,59852;looked atDebugPrefab(Clone)
54,60991;looked atDebugPrefab(Clone)
54,62075;looked atRoom
54,63202;looked atDebugPrefab(Clone)
54,64292;looked atRoom
54,65427;looked atRoom
54,66525;looked atRoom
54,67666;looked atRoom
54,68762;looked atRoom
54,69895;looked atRoom
54,70991;looked atDebugPrefab(Clone)
54,72129;looked atDebugPrefab(Clone)
54,73239;looked atDebugPrefab(Clone)
54,74331;looked atDebugPrefab(Clone)
54,75464;looked atDebugPrefab(Clone)
54,76572;looked atRoom
54,77709;looked atRoom
54,7879;looked atRoom
54,79918;looked atRoom
54,81023;looked atRoom
54,82157;looked atRoom
54,83253;looked atRoom
54,84341;looked atDebugPrefab(Clone)
54,8548;looked atRoom
54,86574;looked atRoom
54,87709;looked atRoom
54,8881;looked atRoom
54,89965;looked atRoom
54,91037;looked atRoom
54,92186;looked atRoom
54,93295;looked atRoom
54,94383;looked atDebugPrefab(Clone)
54,95514;looked atDebugPrefab(Clone)
54,96612;looked atRoom
54,97752;looked atRoom
54,98844;looked atRoom
54,99982;looked atRoom
55,01117;looked atRoom
55,0219;looked atDebugPrefab(Clone)
55,03319;looked atDebugPrefab(Clone)
55,04416;looked atRoom
55,0555;looked atDebugPrefab(Clone)
55,06647;looked atShadowLogger
55,07797;looked atShadowLogger
55,08886;looked atShadowLogger
55,10014;looked atShadowLogger
55,11103;looked atShadowLogger
55,12238;looked atShadowLogger
55,13357;looked atShadowLogger
55,14451;looked atShadowLogger
55,15588;looked atDebugPrefab(Clone)
55,16689;looked atShadowLogger
55,17824;looked atShadowLogger
55,18917;looked atShadowLogger
55,20055;looked atShadowLogger
55,21178;looked atShadowLogger
55,22266;looked atShadowLogger
55,23405;looked atShadowLogger
55,24496;looked atShadowLogger
55,25628;looked atDebugPrefab(Clone)
55,26715;looked atDebugPrefab(Clone)
55,27851;looked atShadowLogger
55,28941;looked atShadowLogger
55,30079;looked atShadowLogger
55,31191;looked atShadowLogger
55,32294;looked atShadowLogger
55,33419;looked atShadowLogger
55,34504;looked atShadowLogger
55,35635;looked atShadowLogger
55,36737;looked atDebugPrefab(Clone)
55,37873;looked atDebugPrefab(Clone)
55,39002;looked atDebugPrefab(Clone)
55,4009;looked atShadowLogger
55,41221;looked atShadowLogger
55,42307;looked atShadowLogger
55,43438;looked atShadowLogger
55,44535;looked atShadowLogger
55,4567;looked atShadowLogger
55,46767;looked atDebugPrefab(Clone)
55,47903;looked atDebugPrefab(Clone)
55,49;looked atDebugPrefab(Clone)
55,50144;looked atShadowLogger
55,51253;looked atShadowLogger
55,52346;looked atShadowLogger
55,53484;looked atShadowLogger
55,54579;looked atShadowLogger
55,55717;looked atShadowLogger
55,56799;looked atDebugPrefab(Clone)
55,57934;looked atDebugPrefab(Clone)
55,59034;looked atDebugPrefab(Clone)
55,60164;looked atDebugPrefab(Clone)
55,61281;looked atShadowLogger
55,62376;looked atShadowLogger
55,63511;looked atShadowLogger
55,64601;looked atShadowLogger
55,65744;looked atShadowLogger
55,66834;looked atShadowLogger
55,67968;looked atDebugPrefab(Clone)
55,6906;looked atDebugPrefab(Clone)
55,70209;looked atDebugPrefab(Clone)
55,71318;looked atShadowLogger
55,72419;looked atShadowLogger
55,73542;looked atShadowLogger
55,74633;looked atShadowLogger
55,75767;looked atShadowLogger
55,76863;looked atShadowLogger
55,78005;looked atDebugPrefab(Clone)
55,79097;looked atDebugPrefab(Clone)
55,80231;looked atDebugPrefab(Clone)
55,81346;looked atShadowLogger
55,82444;looked atShadowLogger
55,83569;looked atShadowLogger
55,84658;looked atShadowLogger
55,85804;looked atShadowLogger
55,86894;looked atShadowLogger
55,88026;looked atDebugPrefab(Clone)
55,89117;looked atDebugPrefab(Clone)
55,90259;looked atDebugPrefab(Clone)
55,91378;looked atDebugPrefab(Clone)
55,92467;looked atDebugPrefab(Clone)
55,93599;looked atDebugPrefab(Clone)
55,94693;looked atDebugPrefab(Clone)
55,95831;looked atDebugPrefab(Clone)
55,96924;looked atDebugPrefab(Clone)
55,98056;looked atDebugPrefab(Clone)
55,99171;looked atDebugPrefab(Clone)
56,00261;looked atDebugPrefab(Clone)
56,0141;looked atDebugPrefab(Clone)
56,02502;looked atDebugPrefab(Clone)
56,03626;looked atShadowLogger
56,04715;looked atShadowLogger
56,05848;looked atShadowLogger
56,06937;looked atShadowLogger
56,0807;looked atShadowLogger
56,09194;looked atDebugPrefab(Clone)
56,10263;looked atDebugPrefab(Clone)
56,11405;looked atShadowLogger
56,125;looked atShadowLogger
56,13637;looked atShadowLogger
56,14729;looked atShadowLogger
56,15866;looked atShadowLogger
56,16994;looked atShadowLogger
56,18084;looked atShadowLogger
56,19213;looked atDebugPrefab(Clone)
56,20306;looked atDebugPrefab(Clone)
56,21449;looked atDebugPrefab(Clone)
56,22537;looked atShadowLogger
56,23677;looked atShadowLogger
56,23711;looked atPinchArea
56,24771;looked atShadowLogger
56,24802;looked atPinchArea
56,25903;looked atShadowLogger
56,25936;looked atPinchArea
56,26989;looked atShadowLogger
56,27018;looked atPinchArea
56,2813;looked atShadowLogger
56,29241;looked atShadowLogger
56,3033;looked atShadowLogger
56,31469;looked atShadowLogger
56,32573;looked atShadowLogger
56,3371;looked atShadowLogger
56,34788;looked atShadowLogger
56,35922;looked atShadowLogger
56,37021;looked atShadowLogger
56,38153;looked atDebugPrefab(Clone)
56,39279;looked atDebugPrefab(Clone)
56,40358;looked atShadowLogger
56,41497;looked atShadowLogger
56,426;looked atShadowLogger
56,43742;looked atShadowLogger
56,44824;looked atShadowLogger
56,45953;looked atShadowLogger
56,47042;looked atShadowLogger
56,48195;looked atShadowLogger
56,49308;looked atShadowLogger
56,50389;looked atDebugPrefab(Clone)
56,51527;looked atDebugPrefab(Clone)
56,52613;looked atDebugPrefab(Clone)
56,53754;looked atDebugPrefab(Clone)
56,54846;looked atDebugPrefab(Clone)
56,55984;looked atDebugPrefab(Clone)
56,57075;looked atDebugPrefab(Clone)
56,58228;looked atDebugPrefab(Clone)
56,5933;looked atDebugPrefab(Clone)
56,60426;looked atDebugPrefab(Clone)
56,61558;looked atDebugPrefab(Clone)
56,62656;looked atDebugPrefab(Clone)
56,63807;looked atDebugPrefab(Clone)
56,64887;looked atDebugPrefab(Clone)
56,66021;looked atDebugPrefab(Clone)
56,67104;looked atDebugPrefab(Clone)
56,68231;looked atDebugPrefab(Clone)
56,69342;looked atDebugPrefab(Clone)
56,7044;looked atDebugPrefab(Clone)
56,71579;looked atDebugPrefab(Clone)
56,7267;looked atDebugPrefab(Clone)
56,73801;looked atDebugPrefab(Clone)
56,7492;looked atDebugPrefab(Clone)
56,76046;looked atShadowLogger
56,77161;looked atShadowLogger
56,78238;looked atShadowLogger
56,7939;looked atShadowLogger
56,80463;looked atShadowLogger
56,816;looked atDebugPrefab(Clone)
56,82699;looked atShadowLogger
56,83833;looked atShadowLogger
56,84912;looked atShadowLogger
56,86045;looked atShadowLogger
56,87161;looked atShadowLogger
56,88259;looked atShadowLogger
56,89393;looked atShadowLogger
56,90488;looked atShadowLogger
56,91641;looked atShadowLogger
56,92728;looked atShadowLogger
56,93862;looked atShadowLogger
56,94983;looked atShadowLogger
56,9607;looked atShadowLogger
56,97203;looked atShadowLogger
56,98291;looked atShadowLogger
56,99435;looked atShadowLogger
57,00525;looked atShadowLogger
57,01661;looked atShadowLogger
57,02755;looked atDebugPrefab(Clone)
57,03898;looked atShadowLogger
57,04986;looked atShadowLogger
57,06118;looked atShadowLogger
57,07238;looked atShadowLogger
57,08326;looked atShadowLogger
57,09468;looked atShadowLogger
57,10564;looked atShadowLogger
57,11705;looked atShadowLogger
57,12788;looked atShadowLogger
57,13921;looked atShadowLogger
57,1501;looked atShadowLogger
57,16151;looked atShadowLogger
57,17269;looked atDebugPrefab(Clone)
57,18355;looked atShadowLogger
57,19494;looked atShadowLogger
57,20587;looked atShadowLogger
57,21725;looked atShadowLogger
57,22815;looked atShadowLogger
57,23962;looked atShadowLogger
57,25049;looked atShadowLogger
57,26193;looked atShadowLogger
57,27305;looked atShadowLogger
57,28391;looked atShadowLogger
57,29521;looked atShadowLogger
57,30608;looked atShadowLogger
57,31746;looked atShadowLogger
57,32852;looked atShadowLogger
57,33983;looked atShadowLogger
57,35064;looked atShadowLogger
57,36202;looked atShadowLogger
57,37312;looked atDebugPrefab(Clone)
57,38403;looked atShadowLogger
57,39538;looked atShadowLogger
57,4064;looked atShadowLogger
57,41783;looked atRoom
57,42871;looked atRoom
57,4401;looked atRoom
57,45092;looked atRoom
57,46229;looked atRoom
57,47339;looked atRoom
57,4843;looked atRoom
57,49565;looked atRoom
57,50656;looked atRoom
57,51788;looked atRoom
57,52872;looked atRoom
57,54009;looked atRoom
57,55095;looked atRoom
57,56227;looked atRoom
57,57348;looked atRoom
57,59578;looked atRoom
57,60681;looked atRoom
57,61805;looked atRoom
57,62887;looked atRoom
57,64012;looked atRoom
57,65127;looked atDebugPrefab(Clone)
57,66208;looked atRoom
57,67334;looked atDebugPrefab(Clone)
57,68416;looked atRoom
57,69549;looked atRoom
57,70638;looked atRoom
57,71769;looked atRoom
57,72889;looked atRoom
57,7398;looked atRoom
57,75077;looked atDebugPrefab(Clone)
57,76209;looked atTable2
57,77319;looked atTable2
57,78412;looked atTable2
57,79551;looked atTable2
57,80639;looked atTable2
57,81775;looked atTable2
57,82887;looked atTable2
57,8401;looked atTable2
57,8513;looked atTable2
57,86214;looked atTable2
57,87357;looked atDebugPrefab(Clone)
57,88452;looked atTable2
57,89585;looked atTable2
57,90668;looked atRoot
57,91806;looked atRoot
57,92894;looked atRoot
57,94035;looked atRoot
57,95128;looked atRoot
57,96272;looked atRoot
57,97382;looked atRoot
57,98477;looked atRoot
57,99607;looked atRoot
58,00702;looked atRoot
58,01839;looked atDebugPrefab(Clone)
58,02932;looked atDebugPrefab(Clone)
58,04088;looked atRoot
58,05203;looked atRoot
58,06284;looked atRoot
58,07414;looked atRoot
58,08505;looked atRoot
58,0965;looked atRoot
58,10731;looked atRoot
58,1187;looked atRoot
58,12966;looked atRoot
58,1411;looked atRoot
58,15219;looked atRoot
58,16309;looked atRoot
58,17447;looked atRoot
58,18539;looked atRoot
58,19687;looked atRoot
58,20774;looked atRoot
58,21908;looked atRoot
58,22999;looked atRoot
58,24131;looked atRoot
58,25243;looked atRoot
58,26341;looked atRoot
58,27477;looked atRoot
58,28566;looked atDebugPrefab(Clone)
58,29698;looked atDebugPrefab(Clone)
58,30793;looked atDebugPrefab(Clone)
58,31932;looked atDebugPrefab(Clone)
58,33037;looked atRoot
58,34163;looked atRoot
58,35278;looked atDebugPrefab(Clone)
58,36364;looked atDebugPrefab(Clone)
58,37495;looked atRoot
58,38584;looked atDebugPrefab(Clone)
58,39723;looked atRoot
58,40815;looked atRoot
58,41956;looked atRoot
58,43053;looked atRoot
58,44204;looked atRoot
58,45306;looked atRoot
58,46406;looked atRoot
58,47534;looked atRoot
58,48614;looked atDebugPrefab(Clone)
58,49755;looked atRoot
58,50854;looked atRoot
58,5199;looked atRoot
58,53076;looked atRoot
58,54214;looked atTable2
58,55332;looked atTable2
58,56422;looked atTable2
58,57555;looked atTable2
58,58646;looked atTable2
58,59784;looked atTable2
58,60873;looked atTable2
58,62016;looked atTable2
58,63106;looked atRoot
58,64251;looked atRoom
58,65358;looked atRoom
58,66462;looked atRoom
58,67598;looked atRoom
58,68681;looked atRoom
58,69803;looked atRoom
58,70894;looked atRoom
58,7203;looked atRoom
58,7313;looked atRoom
58,74274;looked atRoom
58,75382;looked atRoom
58,76477;looked atRoom
58,77633;looked atRoom
58,78703;looked atRoom
58,79836;looked atRoom
58,8093;looked atRoom
58,82073;looked atRoom
58,83195;looked atRoom
58,84261;looked atRoom
58,85396;looked atRoom
58,86497;looked atRoom
58,87631;looked atRoom
58,88708;looked atRoom
58,89839;looked atRoom
58,90934;looked atRoom
58,92078;looked atRoom
58,93194;looked atRoom
58,9428;looked atRoom
58,9543;looked atRoom
58,96515;looked atRoom
58,97665;looked atRoom
58,9875;looked atRoom
58,99881;looked atRoom
59,00974;looked atRoom
59,02114;looked atRoom
59,0323;looked atRoom
59,04325;looked atRoom
59,05465;looked atRoom
59,06555;looked atRoom
59,07689;looked atRoom
59,08775;looked atRoom
59,09914;looked atRoom
59,1101;looked atDebugPrefab(Clone)
59,12149;looked atRoom
59,13276;looked atRoom
59,14363;looked atRoom
59,15483;looked atRoom
59,16574;looked atRoom
59,17712;looked atRoom
59,18802;looked atRoom
59,19941;looked atRoom
59,21036;looked atRoom
59,22176;looked atRoom
59,23289;looked atRoom
59,24381;looked atRoom
59,25525;looked atRoom
59,26617;looked atRoom
59,27751;looked atRoom
59,28878;looked atRoom
59,29959;looked atRoom
59,31061;looked atRoom
59,32197;looked atRoom
59,33326;looked atRoom
59,34408;looked atRoom
59,35548;looked atRoom
59,36636;looked atRoom
59,37772;looked atRoom
59,39026;looked atRoom
59,40014;looked atRoom
59,41074;looked atRoom
59,4221;looked atRoom
59,43332;looked atRoom
59,4442;looked atRoom
59,4556;looked atRoom
59,46652;looked atRoom
59,47791;looked atRoom
59,48877;looked atRoom
59,5001;looked atRoom
59,511;looked atRoom
59,52241;looked atRoom
59,53354;looked atRoom
59,54443;looked atRoom
59,55585;looked atRoom
59,56674;looked atRoom
59,57832;looked atRoom
59,58908;looked atRoom
59,60055;looked atRoom
59,61169;looked atRoom
59,62251;looked atDebugPrefab(Clone)
59,6339;looked atRoom
59,64475;looked atRoom
59,65611;looked atRoom
59,66708;looked atRoom
59,67857;looked atRoom
59,68943;looked atRoom
59,70073;looked atRoom
59,71183;looked atRoom
59,72269;looked atRoom
59,73408;looked atRoom
59,74504;looked atRoom
59,75661;looked atRoom
59,7674;looked atRoom
59,77866;looked atRoom
59,78954;looked atRoom
59,80096;looked atRoom
59,81197;looked atRoom
59,82289;looked atRoom
59,83447;looked atRoom
59,84522;looked atRoom
59,85649;looked atRoom
59,86743;looked atRoom
59,8789;looked atRoom
59,88979;looked atRoom
59,90106;looked atRoom
59,91228;looked atRoom
59,92316;looked atRoom
59,93464;looked atRoom
59,94535;looked atRoom
59,95676;looked atRoom
59,96766;looked atRoom
59,97902;looked atRoom
59,98996;looked atRoom
60,00135;looked atTable2
60,01252;looked atTable2
60,02343;looked atTable2
60,03482;looked atTable2
60,04577;looked atTable2
60,05721;looked atRoom
60,06814;looked atRoom
60,07972;looked atRoom
60,09039;looked atRoom
60,10166;looked atRoom
60,11278;looked atRoom
60,12375;looked atRoom
60,13514;looked atRoom
60,14603;looked atRoom
60,15742;looked atRoom
60,16835;looked atTable2
60,17973;looked atRoom
60,1906;looked atRoom
60,20205;looked atTable2
60,21322;looked atTable2
60,22408;looked atTable2
60,23549;looked atTable2
60,24631;looked atTable2
60,25769;looked atTable2
60,26858;looked atRoom
60,28;looked atTable2
60,29123;looked atTable2
60,30204;looked atTable2
60,31337;looked atTable2
60,32442;looked atTable2
60,33573;looked atTable2
60,34655;looked atDebugPrefab(Clone)
60,35794;looked atDebugPrefab(Clone)
60,36885;looked atDebugPrefab(Clone)
60,38037;looked atTable2
60,39144;looked atTable2
60,40223;looked atTable2
60,41367;looked atTable2
60,42452;looked atTable2
60,43587;looked atTable2
60,44682;looked atTable2
60,45826;looked atDebugPrefab(Clone)
60,46912;looked atDebugPrefab(Clone)
60,48051;looked atDebugPrefab(Clone)
60,49174;looked atDebugPrefab(Clone)
60,50253;looked atTable2
60,51389;looked atDebugPrefab(Clone)
60,52476;looked atDebugPrefab(Clone)
60,53634;looked atDebugPrefab(Clone)
60,54713;looked atDebugPrefab(Clone)
60,55845;looked atDebugPrefab(Clone)
60,56932;looked atTable2
60,58077;looked atTable2
60,59191;looked atTable2
60,60273;looked atTable2
60,61414;looked atTable2
60,62505;looked atTable2
60,63646;looked atTable2
60,64734;looked atRoom
60,65873;looked atRoom
60,6697;looked atTable2
60,68093;looked atTable2
60,69218;looked atRoom
60,70303;looked atTable2
60,71438;looked atTable2
60,7252;looked atTable2
60,7366;looked atCollider
60,74751;looked atCollider
60,75904;looked atCollider
60,76992;looked atDebugPrefab(Clone)
60,78128;looked atCollider
60,79234;looked atCollider
60,80328;looked atCollider
60,81464;looked atCollider
60,82552;looked atCollider
60,83678;looked atTable2
60,84766;looked atTable2
60,85902;looked atTable2
60,86992;looked atTable2
60,8812;looked atTable2
60,89236;looked atTable2
60,90324;looked atTable2
60,91458;looked atTable2
60,92546;looked atTable2
60,93682;looked atTable2
60,94771;looked atTable2
60,9591;looked atTable2
60,97009;looked atTable2
60,98144;looked atDebugPrefab(Clone)
60,99257;looked atTable2
61,00349;looked atTable2
61,01492;looked atDebugPrefab(Clone)
61,02567;looked atDebugPrefab(Clone)
61,03703;looked atDebugPrefab(Clone)
61,04793;looked atDebugPrefab(Clone)
61,05933;looked atDebugPrefab(Clone)
61,07022;looked atTable2
61,08163;looked atDebugPrefab(Clone)
61,0928;looked atTable2
61,10359;looked atDebugPrefab(Clone)
61,11491;looked atDebugPrefab(Clone)
61,1258;looked atTable2
61,13715;looked atDebugPrefab(Clone)
61,14809;looked atTable2
61,15969;looked atTable2
61,17068;looked atTable2
61,18143;looked atDebugPrefab(Clone)
61,19284;looked atDebugPrefab(Clone)
61,20376;looked atTable2
61,21525;looked atTable2
61,22607;looked atTable2
61,2374;looked atTable2
61,24838;looked atTable2
61,2599;looked atTable2
61,27071;looked atTable2
61,28213;looked atRoot
61,2934;looked atDebugPrefab(Clone)
61,30422;looked atRoot
61,31553;looked atRoot
61,32646;looked atRoot
61,3377;looked atRoot
61,34861;looked atRoot
61,35992;looked atRoot
61,3708;looked atRoot
61,38223;looked atRoot
61,39334;looked atDebugPrefab(Clone)
61,40412;looked atDebugPrefab(Clone)
61,41546;looked atDebugPrefab(Clone)
61,42643;looked atDebugPrefab(Clone)
61,43769;looked atRoot
61,4486;looked atRoot
61,46017;looked atRoot
61,47129;looked atRoot
61,48215;looked atRoot
61,49344;looked atRoot
61,5043;looked atRoot
61,51553;looked atRoot
61,52643;looked atRoot
61,53788;looked atRoot
61,54885;looked atRoom
61,56042;looked atRoom
61,57136;looked atRoom
61,58217;looked atRoom
61,59365;looked atRoom
61,60447;looked atRoom
61,61589;looked atTable2
61,62685;looked atTable2
61,63825;looked atRoot
61,64908;looked atRoot
61,66049;looked atRoot
61,67169;looked atRoot
61,68266;looked atRoot
61,69399;looked atRoot
61,7049;looked atRoot
61,71625;looked atRoot
61,72711;looked atRoot
61,73949;looked atDebugPrefab(Clone)
61,75038;looked atDebugPrefab(Clone)
61,76175;looked atDebugPrefab(Clone)
61,77282;looked atDebugPrefab(Clone)
61,78461;looked atRoot
61,79607;looked atRoot
61,80787;looked atRoot
61,82018;looked atRoot
61,83206;looked atRoot
61,84354;looked atDebugPrefab(Clone)
61,85555;looked atDebugPrefab(Clone)
61,86694;looked atRoot
61,87889;looked atRoot
61,89003;looked atRoot
61,90183;looked atRoot
61,91349;looked atDebugPrefab(Clone)
61,92459;looked atDebugPrefab(Clone)
61,93664;looked atRoot
61,94747;looked atRoot
61,95903;looked atRoot
61,97009;looked atRoot
61,98177;looked atRoot
61,99311;looked atRoot
62,00408;looked atRoot
62,01558;looked atDebugPrefab(Clone)
62,02659;looked atDebugPrefab(Clone)
62,03812;looked atRoot
62,04911;looked atRoot
62,06058;looked atRoot
62,07174;looked atDebugPrefab(Clone)
62,08267;looked atDebugPrefab(Clone)
62,09415;looked atRoot
62,10503;looked atRoot
62,11646;looked atDebugPrefab(Clone)
62,12718;looked atDebugPrefab(Clone)
62,13856;looked atDebugPrefab(Clone)
62,14941;looked atDebugPrefab(Clone)
62,16083;looked atDebugPrefab(Clone)
62,17196;looked atDebugPrefab(Clone)
62,1829;looked atDebugPrefab(Clone)
62,1943;looked atDebugPrefab(Clone)
62,20524;looked atDebugPrefab(Clone)
62,21666;looked atDebugPrefab(Clone)
62,22757;looked atDebugPrefab(Clone)
62,23908;looked atDebugPrefab(Clone)
62,25015;looked atDebugPrefab(Clone)
62,261;looked atDebugPrefab(Clone)
62,27235;looked atDebugPrefab(Clone)
62,28323;looked atDebugPrefab(Clone)
62,29462;looked atDebugPrefab(Clone)
62,30551;looked atRoot
62,3169;looked atRoot
62,32798;looked atDebugPrefab(Clone)
62,33931;looked atDebugPrefab(Clone)
62,3501;looked atDebugPrefab(Clone)
62,36145;looked atDebugPrefab(Clone)
62,3726;looked atDebugPrefab(Clone)
62,38351;looked atDebugPrefab(Clone)
62,39493;looked atDebugPrefab(Clone)
62,40592;looked atDebugPrefab(Clone)
62,41726;looked atDebugPrefab(Clone)
62,42812;looked atDebugPrefab(Clone)
62,4395;looked atRoot
62,45039;looked atDebugPrefab(Clone)
62,46181;looked atDebugPrefab(Clone)
62,47303;looked atDebugPrefab(Clone)
62,48378;looked atDebugPrefab(Clone)
62,49512;looked atDebugPrefab(Clone)
62,50612;looked atDebugPrefab(Clone)
62,51752;looked atDebugPrefab(Clone)
62,52845;looked atDebugPrefab(Clone)
62,53978;looked atRoot
62,55069;looked atDebugPrefab(Clone)
62,56221;looked atDebugPrefab(Clone)
62,5733;looked atDebugPrefab(Clone)
62,58403;looked atDebugPrefab(Clone)
62,59537;looked atDebugPrefab(Clone)
62,60638;looked atDebugPrefab(Clone)
62,61771;looked atDebugPrefab(Clone)
62,62863;looked atDebugPrefab(Clone)
62,64006;looked atDebugPrefab(Clone)
62,65095;looked atDebugPrefab(Clone)
62,66237;looked atDebugPrefab(Clone)
62,6735;looked atDebugPrefab(Clone)
62,68443;looked atDebugPrefab(Clone)
62,69582;looked atDebugPrefab(Clone)
62,70668;looked atRoot
62,71817;looked atRoot
62,72912;looked atRoot
62,74055;looked atDebugPrefab(Clone)
62,75149;looked atDebugPrefab(Clone)
62,76245;looked atDebugPrefab(Clone)
62,77372;looked atRoot
62,78449;looked atRoot
62,79589;looked atRoot
62,80686;looked atRoot
62,81828;looked atRoot
62,82919;looked atRoot
62,84052;looked atRoot
62,85159;looked atRoot
62,86255;looked atRoot
62,87404;looked atRoot
62,88483;looked atRoot
62,89619;looked atDebugPrefab(Clone)
62,90704;looked atDebugPrefab(Clone)
62,9184;looked atDebugPrefab(Clone)
62,92946;looked atDebugPrefab(Clone)
62,9524;looked atRoot
62,96301;looked atRoot
62,97418;looked atDebugPrefab(Clone)
62,98495;looked atDebugPrefab(Clone)
62,99644;looked atRoot
63,00718;looked atRoot
63,01856;looked atRoot
63,35232;looked atRoot
