0;Start Study - Logging, ID: 8
0;Initial time :29.06.2023 15:21:27
0;study with shadow type:Avatar
0,0122384;looked atTable2
0,0270735;looked atTable2
0,033412;looked atTable2
0,0444955;looked atTable2
0,0588939;looked atTable2
0,0675446;looked atTable2
0,0783635;looked atTable2
0,0893595;looked atTable2
0,1001127;looked atTable2
0,1113934;looked atTable2
0,1228558;looked atTable2
0,1332142;looked atTable2
0,1450907;looked atTable2
0,1563223;looked atTable2
0,1667616;looked atTable2
0,1790144;looked atTable2
0,1890888;looked atTable2
0,2004246;looked atTable2
0,2147112;looked atTable2
0,2228024;looked atTable2
0,2335478;looked atTable2
0,2453886;looked atTable2
0,2558535;looked atTable2
0,2667188;looked atTable2
0,2791211;looked atTable2
0,2890009;looked atTable2
0,3003694;looked atTable2
0,3113112;looked atTable2
0,3234132;looked atTable2
0,3337218;looked atTable2
0,3451849;looked atTable2
0,3572851;looked atTable2
0,3694348;looked atTable2
0,3787646;looked atTable2
0,3899295;looked atTable2
0,4005232;looked atTable2
0,4116018;looked atTable2
0,4239155;looked atTable2
0,4336976;looked atTable2
0,4451679;looked atTable2
0,4568736;looked atTable2
0,4670609;looked atTable2
0,4788998;looked atTable2
0,4898885;looked atTable2
0,5008709;looked atTable2
0,5121291;looked atTable2
0,526414;looked atTable2
0,5352136;looked atTable2
0,5604203;looked atRoom
0,5689596;looked atRoom
0,577969;looked atTable2
0,5885601;looked atTable2
0,599866;looked atTable2
0,6112053;looked atRoom
0,6223769;looked atRoom
0,6330563;looked atRoom
0,6451737;looked atTable2
0,6554706;looked atTable2
0,6662865;looked atTable2
0,680301;looked atTable2
0,6893651;looked atTable2
0,7004789;looked atTable2
0,7110832;looked atTable2
0,7229252;looked atTable2
0,7332641;looked atTable2
0,7446635;looked atTable2
0,7564922;looked atTable2
0,7666195;looked atTable2
0,7779813;looked atTable2
0,7892301;looked atTable2
0,8003069;looked atTable2
0,8110017;looked atTable2
0,8230171;looked atTable2
0,835457;looked atTable2
0,8452658;looked atTable2
0,8563447;looked atTable2
0,8664194;looked atTable2
0,8782557;looked atTable2
0,8892401;looked atTable2
0,9001554;looked atTable2
0,9114805;looked atTable2
0,923263;looked atTable2
0,933396;looked atTable2
0,9451047;looked atTable2
0,9560289;looked atTable2
0,9667116;looked atTable2
0,9787126;looked atTable2
0,9913698;looked atTable2
1,000459;looked atTable2
1,011843;looked atTable2
1,022681;looked atTable2
1,033562;looked atTable2
1,045427;looked atTable2
1,055945;looked atTable2
1,066615;looked atTable2
1,078243;looked atTable2
1,089537;looked atTable2
1,100918;looked atTable2
1,111687;looked atTable2
1,123494;looked atTable2
1,134242;looked atTable2
1,148849;looked atTable2
1,15699;looked atTable2
1,16734;looked atTable2
1,178634;looked atTable2
1,190181;looked atTable2
1,200822;looked atTable2
1,211685;looked atTable2
1,223317;looked atTable2
1,233945;looked atTable2
1,24537;looked atTable2
1,256766;looked atTable2
1,26717;looked atTable2
1,279405;looked atTable2
1,290062;looked atTable2
1,303155;looked atTable2
1,311943;looked atTable2
1,323247;looked atTable2
1,334004;looked atTable2
1,345445;looked atTable2
1,356898;looked atTable2
1,36734;looked atTable2
1,378805;looked atTable2
1,389042;looked atTable2
1,400399;looked atRoom
1,412079;looked atRoom
1,422925;looked atTable2
1,433906;looked atTable2
1,445788;looked atTable2
1,458493;looked atTable2
1,467213;looked atTable2
1,478649;looked atTable2
1,490087;looked atTable2
1,501208;looked atTable2
1,511737;looked atTable2
1,52376;looked atTable2
1,534109;looked atTable2
1,545375;looked atTable2
1,557261;looked atTable2
1,56771;looked atTable2
1,578722;looked atTable2
1,590203;looked atTable2
1,600833;looked atTable2
1,614251;looked atTable2
1,623927;looked atTable2
1,634263;looked atTable2
1,645764;looked atTable2
1,657041;looked atTable2
1,66739;looked atTable2
1,679154;looked atTable2
1,690111;looked atTable2
1,700834;looked atTable2
1,712644;looked atTable2
1,723704;looked atTable2
1,734085;looked atRoom
1,745952;looked atRoom
1,756955;looked atTable2
1,769906;looked atTable2
1,779595;looked atTable2
1,789704;looked atTable2
1,800981;looked atRoom
1,812592;looked atTable2
1,823167;looked atTable2
1,834166;looked atTable2
1,846341;looked atTable2
1,856701;looked atTable2
1,867563;looked atTable2
1,879614;looked atTable2
1,889848;looked atTable2
1,901036;looked atTable2
1,912629;looked atTable2
1,926135;looked atTable2
1,935263;looked atTable2
1,945037;looked atTable2
1,957012;looked atTable2
1,967247;looked atTable2
1,978542;looked atTable2
1,990007;looked atTable2
2,000919;looked atTable2
2,011879;looked atTable2
2,023814;looked atTable2
2,034143;looked atTable2
2,045678;looked atTable2
2,057129;looked atTable2
2,067487;looked atTable2
2,081543;looked atTable2
2,090206;looked atTable2
2,101;looked atTable2
2,112242;looked atTable2
2,123712;looked atTable2
2,1343;looked atTable2
2,155702;looked atTable2
2,159016;looked atTable2
2,168095;looked atTable2
2,179737;looked atTable2
2,189928;looked atTable2
2,201388;looked atTable2
2,212736;looked atTable2
2,223733;looked atTable2
2,237355;looked atBoundsCollider
2,246763;looked atTable2
2,257096;looked atBoundsCollider
2,267609;looked atBoundsCollider
2,279612;looked atBoundsCollider
2,28962;looked atBoundsCollider
2,301155;looked atBoundsCollider
2,311908;looked atTable2
2,324043;looked atTable2
2,334149;looked atTable2
2,345867;looked atTable2
2,359103;looked atTable2
2,367431;looked atTable2
2,378834;looked atTable2
2,393374;looked atTable2
2,401406;looked atTable2
2,411779;looked atTable2
2,423779;looked atTable2
2,433748;looked atTable2
2,445671;looked atTable2
2,456841;looked atTable2
2,46708;looked atTable2
2,478947;looked atBoundsCollider
2,489903;looked atBoundsCollider
2,500692;looked atBoundsCollider
2,512129;looked atTable2
2,523624;looked atTable2
2,534039;looked atTable2
2,548423;looked atTable2
2,556723;looked atTable2
2,567852;looked atTable2
2,579157;looked atTable2
2,589828;looked atTable2
2,601033;looked atTable2
2,612428;looked atTable2
2,623113;looked atTable2
2,633764;looked atTable2
2,646056;looked atTable2
2,656658;looked atTable2
2,667461;looked atTable2
2,679298;looked atTable2
2,689702;looked atTable2
2,7031;looked atTable2
2,712314;looked atTable2
2,723821;looked atTable2
2,73406;looked atTable2
2,745884;looked atTable2
2,757273;looked atTable2
2,767469;looked atTable2
2,778969;looked atTable2
2,790386;looked atTable2
2,801589;looked atTable2
2,812092;looked atTable2
2,823994;looked atTable2
2,834398;looked atTable2
2,846057;looked atTable2
2,859462;looked atTable2
2,867478;looked atTable2
2,879434;looked atTable2
2,890172;looked atTable2
2,901085;looked atTable2
2,91256;looked atTable2
2,923831;looked atTable2
2,934193;looked atTable2
2,945898;looked atBoundsCollider
2,957101;looked atBoundsCollider
2,967723;looked atBoundsCollider
2,979524;looked atBoundsCollider
2,989764;looked atBoundsCollider
3,001715;looked atBoundsCollider
3,015004;looked atTable2
3,02347;looked atTable2
3,03428;looked atTable2
3,046263;looked atTable2
3,056791;looked atTable2
3,067612;looked atTable2
3,07987;looked atTable2
3,090008;looked atTable2
3,101068;looked atTable2
3,101068;object ChessPiece Variant (2) is being grabbed
3,112125;looked atBoundsCollider
3,12447;looked atTable2
3,134598;looked atTable2
3,145854;looked atBoundsCollider
3,157677;looked atBoundsCollider
3,170238;looked atBoundsCollider
3,17932;looked atBoundsCollider
3,190615;looked atBoundsCollider
3,207998;looked atBoundsCollider
3,212631;looked atBoundsCollider
3,224797;looked atBoundsCollider
3,235575;looked atBoundsCollider
3,24702;looked atBoundsCollider
3,258414;looked atBoundsCollider
3,26809;looked atBoundsCollider
3,280059;looked atBoundsCollider
3,290677;looked atTable2
3,301551;looked atTable2
3,312908;looked atBoundsCollider
3,326541;looked atBoundsCollider
3,334982;looked atBoundsCollider
3,334982;object ChessPiece Variant (2) is being grabbed
3,334982;object ChessPiece Variant is being grabbed
3,345912;looked atBoundsCollider
3,357892;looked atBoundsCollider
3,367741;looked atBoundsCollider
3,379675;looked atBoundsCollider
3,389796;looked atBoundsCollider
3,401391;looked atBoundsCollider
3,413202;looked atBoundsCollider
3,423724;looked atBoundsCollider
3,434567;looked atBoundsCollider
3,446455;looked atBoundsCollider
3,45697;looked atBoundsCollider
3,467728;looked atBoundsCollider
3,482075;looked atBoundsCollider
3,489921;looked atBoundsCollider
3,501451;looked atBoundsCollider
3,512197;looked atBoundsCollider
3,524299;looked atBoundsCollider
3,534618;looked atBoundsCollider
3,546039;looked atTable2
3,557761;looked atTable2
3,568477;looked atTable2
3,568477;object ChessPiece Variant (2) is being grabbed
3,568477;object ChessPiece Variant is being grabbed
3,568477;object ChessPiece Variant (1) is being grabbed
3,579468;looked atTable2
3,591376;looked atTable2
3,604912;looked atTable2
3,61343;looked atTable2
3,623528;looked atTable2
3,636009;looked atTable2
3,645753;looked atTable2
3,657379;looked atTable2
3,667232;looked atTable2
3,67971;looked atTable2
3,690167;looked atTable2
3,701432;looked atTable2
3,713068;looked atTable2
3,723681;looked atTable2
3,733994;looked atTable2
3,755186;looked atTable2
3,758973;looked atTable2
3,767895;looked atTable2
3,779984;looked atTable2
3,792453;looked atTable2
3,801553;looked atTable2
3,801553;object ChessPiece Variant (2) is being grabbed
3,801553;object ChessPiece Variant is being grabbed
3,801553;object ChessPiece Variant (1) is being grabbed
3,812778;looked atTable2
3,824253;looked atTable2
3,834136;looked atTable2
3,846304;looked atTable2
3,856918;looked atTable2
3,867775;looked atTable2
3,879592;looked atTable2
3,889797;looked atTable2
3,900898;looked atTable2
3,911816;looked atTable2
3,924153;looked atTable2
3,933974;looked atTable2
3,947783;looked atTable2
3,957341;looked atTable2
3,967316;looked atTable2
3,97901;looked atTable2
3,990138;looked atTable2
4,001126;looked atTable2
4,012055;looked atTable2
4,024098;looked atTable2
4,034609;looked atTable2
4,034609;object ChessPiece Variant (2) is being grabbed
4,034609;object ChessPiece Variant is being grabbed
4,034609;object ChessPiece Variant (1) is being grabbed
4,046176;looked atTable2
4,057876;looked atTable2
4,067261;looked atTable2
4,079189;looked atTable2
4,089934;looked atTable2
4,103238;looked atTable2
4,112502;looked atTable2
4,124135;looked atTable2
4,133842;looked atTable2
4,14574;looked atTable2
4,15688;looked atTable2
4,167453;looked atTable2
4,179445;looked atTable2
4,189743;looked atTable2
4,201009;looked atTable2
4,212571;looked atTable2
4,223309;looked atTable2
4,234063;looked atTable2
4,246875;looked atTable2
4,259356;looked atTable2
4,267709;looked atTable2
4,267709;object ChessPiece Variant (2) is being grabbed
4,267709;object ChessPiece Variant is being grabbed
4,267709;object ChessPiece Variant (1) is being grabbed
4,279563;looked atTable2
4,290305;looked atTable2
4,301022;looked atTable2
4,31217;looked atTable2
4,32423;looked atTable2
4,334065;looked atTable2
4,345731;looked atTable2
4,35743;looked atTable2
4,367602;looked atTable2
4,379183;looked atTable2
4,390452;looked atTable2
4,401298;looked atTable2
4,414812;looked atTable2
4,424274;looked atTable2
4,434236;looked atTable2
4,446629;looked atTable2
4,457486;looked atTable2
4,467683;looked atTable2
4,479533;looked atTable2
4,490271;looked atTable2
4,501294;looked atBoundsCollider
4,501294;object ChessPiece Variant (2) is being grabbed
4,501294;object ChessPiece Variant is being grabbed
4,501294;object ChessPiece Variant (1) is being grabbed
4,512441;looked atBoundsCollider
4,524568;looked atBoundsCollider
4,534357;looked atBoundsCollider
4,546377;looked atBoundsCollider
4,557625;looked atBoundsCollider
4,57038;looked atTable2
4,579801;looked atTable2
4,589731;looked atTable2
4,601205;looked atTable2
4,612763;looked atTable2
4,623509;looked atTable2
4,634415;looked atTable2
4,646889;looked atsimpleGrabCupMesh
4,65724;looked atsimpleGrabCupMesh
4,667816;looked atTable2
4,679847;looked atRoom
4,69003;looked atRoom
4,701382;looked atRoom
4,712347;looked atRoom
4,726582;looked atRoom
4,734961;looked atRoom
4,734961;object ChessPiece Variant (2) is being grabbed
4,734961;object ChessPiece Variant (1) is being grabbed
4,745631;looked atRoom
4,758265;looked atRoom
4,767922;looked atRoom
4,779425;looked atRoom
4,790833;looked atRoom
4,8016;looked atRoom
4,812371;looked atRoom
4,824347;looked atRoom
4,834567;looked atRoom
4,84696;looked atRoom
4,857687;looked atRoom
4,867979;looked atRoom
4,881911;looked atTable
4,890728;looked atTable
4,9019;looked atTable
4,912543;looked atsimpleGrabTorchMesh
4,912543;objectChessPiece Variant (1) distance to box:2,488573
4,923981;looked atTable
4,923981;objectChessPiece Variant (1) distance to box:2,475647
4,934613;looked atTable
4,934613;objectChessPiece Variant (1) distance to box:2,462406
4,946756;looked atTable
4,946756;objectChessPiece Variant (1) distance to box:2,448634
4,957197;looked atTable
4,957197;objectChessPiece Variant (1) distance to box:2,435931
4,968052;looked atTable
4,968052;object ChessPiece Variant (2) is being grabbed
4,968052;object ChessPiece Variant (1) is being grabbed
4,968052;objectChessPiece Variant (1) distance to box:2,422561
4,980264;looked atTable
4,980264;objectChessPiece Variant (1) distance to box:2,409436
4,99055;looked atTable
4,99055;objectChessPiece Variant (1) distance to box:2,396442
5,001628;looked atTable
5,001628;objectChessPiece Variant (2) distance to box:2,489875
5,001628;objectChessPiece Variant (1) distance to box:2,383957
5,013069;looked atTable
5,013069;objectChessPiece Variant (2) distance to box:2,479608
5,013069;objectChessPiece Variant (1) distance to box:2,370861
5,024241;looked atTable
5,024241;objectChessPiece Variant (2) distance to box:2,469571
5,024241;objectChessPiece Variant (1) distance to box:2,357105
5,037513;looked atTable
5,037513;objectChessPiece Variant (2) distance to box:2,459566
5,037513;objectChessPiece Variant (1) distance to box:2,344474
5,047317;looked atTable
5,047317;objectChessPiece Variant (2) distance to box:2,449794
5,047317;objectChessPiece Variant (1) distance to box:2,331643
5,057595;looked atTable
5,057595;objectChessPiece Variant (2) distance to box:2,440248
5,057595;objectChessPiece Variant (1) distance to box:2,318578
5,068948;looked atTable
5,068948;objectChessPiece Variant (2) distance to box:2,430911
5,068948;objectChessPiece Variant (1) distance to box:2,305244
5,080166;looked atTable
5,080166;objectChessPiece Variant (2) distance to box:2,422653
5,080166;objectChessPiece Variant (1) distance to box:2,29363
5,090286;looked atTable
5,090286;objectChessPiece Variant (2) distance to box:2,41043
5,090286;objectChessPiece Variant (1) distance to box:2,282431
5,101546;looked atRoom
5,101546;objectChessPiece Variant (2) distance to box:2,398918
5,101546;objectChessPiece Variant (1) distance to box:2,270924
5,112506;looked atTable
5,112506;objectChessPiece Variant (2) distance to box:2,388022
5,112506;objectChessPiece Variant (1) distance to box:2,259275
5,124576;looked atTable
5,124576;objectChessPiece Variant (2) distance to box:2,375139
5,124576;objectChessPiece Variant (1) distance to box:2,247086
5,134809;looked atTable
5,134809;objectChessPiece Variant (2) distance to box:2,362942
5,134809;objectChessPiece Variant (1) distance to box:2,234757
5,146586;looked atTable
5,146586;objectChessPiece Variant (2) distance to box:2,351325
5,146586;objectChessPiece Variant (1) distance to box:2,222334
5,158145;looked atTable
5,158145;objectChessPiece Variant (2) distance to box:2,340685
5,158145;objectChessPiece Variant (1) distance to box:2,210381
5,168075;looked atTable
5,168075;objectChessPiece Variant (2) distance to box:2,326386
5,168075;objectChessPiece Variant (1) distance to box:2,198322
5,179807;looked atTable
5,179807;objectChessPiece Variant (2) distance to box:2,312876
5,179807;objectChessPiece Variant (1) distance to box:2,186175
5,193582;looked atTable
5,193582;objectChessPiece Variant (2) distance to box:2,299891
5,193582;objectChessPiece Variant (1) distance to box:2,173857
5,202003;looked atTable
5,202003;object ChessPiece Variant (2) is being grabbed
5,202003;objectChessPiece Variant (2) distance to box:2,286238
5,202003;object ChessPiece Variant (1) is being grabbed
5,202003;objectChessPiece Variant (1) distance to box:2,164561
5,212765;looked atTable
5,212765;objectChessPiece Variant (2) distance to box:2,27311
5,212765;objectChessPiece Variant (1) distance to box:2,154821
5,225379;looked atTable
5,225379;objectChessPiece Variant (2) distance to box:2,260361
5,225379;objectChessPiece Variant (1) distance to box:2,144755
5,235089;looked atTable
5,235089;objectChessPiece Variant (2) distance to box:2,245638
5,235089;objectChessPiece Variant (1) distance to box:2,135016
5,245881;looked atTable
5,245881;objectChessPiece Variant (2) distance to box:2,23128
5,245881;objectChessPiece Variant (1) distance to box:2,124817
5,258199;looked atTable
5,258199;objectChessPiece Variant (2) distance to box:2,217457
5,258199;objectChessPiece Variant (1) distance to box:2,11436
5,268281;looked atTable
5,268281;objectChessPiece Variant (2) distance to box:2,20397
5,268281;objectChessPiece Variant (1) distance to box:2,103719
5,280234;looked atTable
5,280234;objectChessPiece Variant (2) distance to box:2,192202
5,280234;objectChessPiece Variant (1) distance to box:2,094962
5,290694;looked atTable
5,290694;objectChessPiece Variant (2) distance to box:2,180651
5,290694;objectChessPiece Variant (1) distance to box:2,085814
5,301532;looked atTable
5,301532;objectChessPiece Variant (2) distance to box:2,169174
5,301532;objectChessPiece Variant (1) distance to box:2,076361
5,313014;looked atTable
5,313014;objectChessPiece Variant (2) distance to box:2,157697
5,313014;objectChessPiece Variant (1) distance to box:2,066668
5,324502;looked atTable
5,324502;objectChessPiece Variant (2) distance to box:2,148297
5,324502;objectChessPiece Variant (1) distance to box:2,054906
5,33462;looked atTable
5,33462;objectChessPiece Variant (2) distance to box:2,138685
5,33462;objectChessPiece Variant (1) distance to box:2,043283
5,349002;looked atTable
5,349002;objectChessPiece Variant (2) distance to box:2,128866
5,349002;objectChessPiece Variant (1) distance to box:2,031812
5,357331;looked atTable
5,357331;objectChessPiece Variant (2) distance to box:2,119354
5,357331;objectChessPiece Variant (1) distance to box:2,020929
5,367947;looked atTable
5,367947;objectChessPiece Variant (2) distance to box:2,112834
5,367947;objectChessPiece Variant (1) distance to box:2,012828
5,380211;looked atTable
5,380211;objectChessPiece Variant (2) distance to box:2,100787
5,380211;objectChessPiece Variant (1) distance to box:1,998354
5,390381;looked atTable
5,390381;objectChessPiece Variant (2) distance to box:2,089015
5,390381;objectChessPiece Variant (1) distance to box:1,98489
5,402048;looked atTable
5,402048;objectChessPiece Variant (2) distance to box:2,079906
5,402048;objectChessPiece Variant (1) distance to box:1,974449
5,41325;looked atTable
5,41325;objectChessPiece Variant (2) distance to box:2,072957
5,41325;objectChessPiece Variant (1) distance to box:1,968704
5,424199;looked atTable
5,424199;objectChessPiece Variant (2) distance to box:2,065193
5,424199;objectChessPiece Variant (1) distance to box:1,962003
5,434766;looked atTable
5,434766;object ChessPiece Variant (2) is being grabbed
5,434766;objectChessPiece Variant (2) distance to box:2,05682
5,434766;object ChessPiece Variant (1) is being grabbed
5,434766;objectChessPiece Variant (1) distance to box:1,954599
5,447066;looked atTable
5,447066;objectChessPiece Variant (2) distance to box:2,049565
5,447066;objectChessPiece Variant (1) distance to box:1,948595
5,457717;looked atTable
5,457717;objectChessPiece Variant (2) distance to box:2,041729
5,457717;objectChessPiece Variant (1) distance to box:1,941796
5,468085;looked atTable
5,468085;objectChessPiece Variant (2) distance to box:2,033385
5,468085;objectChessPiece Variant (1) distance to box:1,934428
5,480258;looked atTable
5,480258;objectChessPiece Variant (2) distance to box:2,024597
5,480258;objectChessPiece Variant (1) distance to box:1,926623
5,490817;looked atTable
5,490817;objectChessPiece Variant (2) distance to box:2,017322
5,490817;objectChessPiece Variant (1) distance to box:1,922414
5,504146;looked atTable
5,504146;objectChessPiece Variant (2) distance to box:2,009714
5,504146;objectChessPiece Variant (1) distance to box:1,917297
5,512725;looked atTable
5,512725;objectChessPiece Variant (2) distance to box:2,001837
5,512725;objectChessPiece Variant (1) distance to box:1,911554
5,52474;looked atTable
5,52474;objectChessPiece Variant (2) distance to box:1,997051
5,52474;objectChessPiece Variant (1) distance to box:1,906025
5,535205;looked atRoom
5,535205;objectChessPiece Variant (2) distance to box:1,991749
5,535205;objectChessPiece Variant (1) distance to box:1,900117
5,545969;looked atTable
5,545969;objectChessPiece Variant (2) distance to box:1,985993
5,545969;objectChessPiece Variant (1) distance to box:1,893914
5,558141;looked atTable
5,558141;objectChessPiece Variant (2) distance to box:1,983504
5,558141;objectChessPiece Variant (1) distance to box:1,887431
5,568321;looked atTable
5,568321;objectChessPiece Variant (2) distance to box:1,980326
5,568321;objectChessPiece Variant (1) distance to box:1,880759
5,579842;looked atTable
5,579842;objectChessPiece Variant (2) distance to box:1,97657
5,579842;objectChessPiece Variant (1) distance to box:1,873927
5,591221;looked atTable
5,591221;objectChessPiece Variant (2) distance to box:1,972354
5,591221;objectChessPiece Variant (1) distance to box:1,866979
5,60183;looked atTable
5,60183;objectChessPiece Variant (2) distance to box:1,967753
5,60183;objectChessPiece Variant (1) distance to box:1,859909
5,612974;looked atTable
5,612974;objectChessPiece Variant (2) distance to box:1,961734
5,612974;objectChessPiece Variant (1) distance to box:1,852733
5,624797;looked atTable
5,624797;objectChessPiece Variant (2) distance to box:1,955665
5,624797;objectChessPiece Variant (1) distance to box:1,845503
5,635232;looked atTable
5,635232;objectChessPiece Variant (2) distance to box:1,949556
5,635232;objectChessPiece Variant (1) distance to box:1,838217
5,646931;looked atTable
5,646931;objectChessPiece Variant (2) distance to box:1,94041
5,646931;objectChessPiece Variant (1) distance to box:1,828584
5,660288;looked atTable
5,660288;objectChessPiece Variant (2) distance to box:1,931556
5,660288;objectChessPiece Variant (1) distance to box:1,819251
5,668512;looked atTable
5,668512;object ChessPiece Variant (2) is being grabbed
5,668512;objectChessPiece Variant (2) distance to box:1,923176
5,668512;object ChessPiece Variant (1) is being grabbed
5,668512;objectChessPiece Variant (1) distance to box:1,810131
5,680144;looked atTable
5,680144;objectChessPiece Variant (2) distance to box:1,911528
5,680144;objectChessPiece Variant (1) distance to box:1,799515
5,691327;looked atTable
5,691327;objectChessPiece Variant (2) distance to box:1,900489
5,691327;objectChessPiece Variant (1) distance to box:1,789493
5,702058;looked atTable
5,702058;objectChessPiece Variant (2) distance to box:1,889813
5,702058;objectChessPiece Variant (1) distance to box:1,779828
5,713768;looked atTable
5,713768;objectChessPiece Variant (2) distance to box:1,879803
5,713768;objectChessPiece Variant (1) distance to box:1,770442
5,72452;looked atTable
5,72452;objectChessPiece Variant (2) distance to box:1,871066
5,72452;objectChessPiece Variant (1) distance to box:1,763139
5,734634;looked atTable
5,734634;objectChessPiece Variant (2) distance to box:1,862763
5,734634;objectChessPiece Variant (1) distance to box:1,755711
5,746924;looked atTable
5,746924;objectChessPiece Variant (2) distance to box:1,854715
5,746924;objectChessPiece Variant (1) distance to box:1,748234
5,757465;looked atTable
5,757465;objectChessPiece Variant (2) distance to box:1,843773
5,757465;objectChessPiece Variant (1) distance to box:1,738891
5,768083;looked atTable
5,768083;objectChessPiece Variant (2) distance to box:1,833216
5,768083;objectChessPiece Variant (1) distance to box:1,729724
5,780276;looked atTable
5,780276;objectChessPiece Variant (2) distance to box:1,823001
5,780276;objectChessPiece Variant (1) distance to box:1,720731
5,790291;looked atTable
5,790291;objectChessPiece Variant (2) distance to box:1,811368
5,790291;objectChessPiece Variant (1) distance to box:1,709373
5,80196;looked atTable
5,80196;objectChessPiece Variant (2) distance to box:1,800195
5,80196;objectChessPiece Variant (1) distance to box:1,698329
5,815562;looked atTable
5,815562;objectChessPiece Variant (2) distance to box:1,789399
5,815562;objectChessPiece Variant (1) distance to box:1,687569
5,824269;looked atTable
5,824269;objectChessPiece Variant (2) distance to box:1,778887
5,824269;objectChessPiece Variant (1) distance to box:1,677043
5,834928;looked atTable
5,834928;objectChessPiece Variant (2) distance to box:1,768621
5,834928;objectChessPiece Variant (1) distance to box:1,666743
5,847205;looked atTable
5,847205;objectChessPiece Variant (2) distance to box:1,75791
5,847205;objectChessPiece Variant (1) distance to box:1,656756
5,857478;looked atTable
5,857478;objectChessPiece Variant (2) distance to box:1,747504
5,857478;objectChessPiece Variant (1) distance to box:1,646775
5,868235;looked atTable
5,868235;objectChessPiece Variant (2) distance to box:1,737283
5,868235;objectChessPiece Variant (1) distance to box:1,636756
5,881097;looked atTable
5,881097;objectChessPiece Variant (2) distance to box:1,724811
5,881097;objectChessPiece Variant (1) distance to box:1,623464
5,890627;looked atTable
5,890627;objectChessPiece Variant (2) distance to box:1,712759
5,890627;objectChessPiece Variant (1) distance to box:1,610652
5,901912;looked atTable
5,901912;object ChessPiece Variant (2) is being grabbed
5,901912;objectChessPiece Variant (2) distance to box:1,699189
5,901912;object ChessPiece Variant (1) is being grabbed
5,901912;objectChessPiece Variant (1) distance to box:1,596528
5,912719;looked atTable
5,912719;objectChessPiece Variant (2) distance to box:1,686948
5,912719;objectChessPiece Variant (1) distance to box:1,583683
5,925306;looked atsimpleGrabCupMesh
5,925306;objectChessPiece Variant (2) distance to box:1,66929
5,925306;objectChessPiece Variant (1) distance to box:1,569827
5,93533;looked atsimpleGrabCupMesh
5,93533;objectChessPiece Variant (2) distance to box:1,652872
5,93533;objectChessPiece Variant (1) distance to box:1,55662
5,946127;looked atRoom
5,946127;objectChessPiece Variant (2) distance to box:1,637454
5,946127;objectChessPiece Variant (1) distance to box:1,543962
5,958255;looked atRoom
5,970452;looked atRoom
5,979899;looked atRoom
5,99107;looked atRoom
6,001716;looked atRoom
6,012607;looked atRoom
6,024639;looked atRoom
6,035059;looked atRoom
6,04637;looked atRoom
6,058157;looked atRoom
6,068042;looked atRoom
6,080673;looked atRoom
6,091393;looked atRoom
6,102149;looked atRoom
6,113505;looked atRoom
6,126523;looked atRoom
6,135386;looked atRoom
6,135386;object ChessPiece Variant (2) is being grabbed
6,135386;object ChessPiece Variant (1) is being grabbed
6,146698;looked atTable2
6,158245;looked atTable2
6,16814;looked atTable2
6,18042;looked atTable2
6,190408;looked atTable2
6,20186;looked atTable2
6,213266;looked atTable2
6,224246;looked atTable2
6,235029;looked atTable2
6,247083;looked atTable2
6,257556;looked atTable2
6,268498;looked atTable2
6,283126;looked atTable2
6,29092;looked atTable2
6,302071;looked atTable2
6,312947;looked atTable2
6,324963;looked atTable2
6,335462;looked atTable2
6,346153;looked atTable2
6,358549;looked atTable2
6,368352;looked atTable2
6,368352;object ChessPiece Variant (2) is being grabbed
6,368352;object ChessPiece Variant (1) is being grabbed
6,380179;looked atTable2
6,391815;looked atTable2
6,402147;looked atTable2
6,412833;looked atTable2
6,424919;looked atTable2
6,43756;looked atTable2
6,446791;looked atTable2
6,458201;looked atTable2
6,468375;looked atTable2
6,480583;looked atTable2
6,490942;looked atTable2
6,502529;looked atTable2
6,513342;looked atTable2
6,524866;looked atTable2
6,535366;looked atTable2
6,546803;looked atTable2
6,557635;looked atTable2
6,568563;looked atTable2
6,580473;looked atTable2
6,59316;looked atTable2
6,602398;looked atTable2
6,602398;object ChessPiece Variant (2) is being grabbed
6,602398;object ChessPiece Variant (1) is being grabbed
6,613467;looked atTable2
6,624774;looked atTable2
6,635467;looked atTable2
6,646922;looked atBasketball
6,657752;looked atBasketball
6,66844;looked atBasketball
6,68057;looked atBasketball
6,690653;looked atBasketball
6,702156;looked atBasketball
6,713459;looked atBasketball
6,725227;looked atBasketball
6,735533;looked atBasketball
6,748775;looked atBasketball
6,758515;looked atBasketball
6,768623;looked atBasketball
6,780068;looked atTable2
6,791353;looked atTable2
6,802189;looked atTable2
6,813329;looked atTable2
6,825113;looked atTable2
6,835505;looked atTable2
6,835505;object ChessPiece Variant (2) is being grabbed
6,835505;object ChessPiece Variant (1) is being grabbed
6,850317;looked atTable2
6,858881;looked atTable2
6,869569;looked atTable2
6,88131;looked atTable2
6,891943;looked atTable2
6,905276;looked atTable2
6,914844;looked atTable2
6,925146;looked atTable2
6,936029;looked atTable2
6,94741;looked atTable2
6,957959;looked atTable2
6,96869;looked atTable2
6,980684;looked atTable2
6,990915;looked atTable2
7,002393;looked atTable2
7,013571;looked atTable2
7,024478;looked atTable2
7,035274;looked atTable2
7,047224;looked atTable2
7,059971;looked atTable2
7,068474;looked atTable2
7,068474;object ChessPiece Variant (2) is being grabbed
7,068474;object ChessPiece Variant (1) is being grabbed
7,08018;looked atTable2
7,091877;looked atTable2
7,10222;looked atTable2
7,112813;looked atTable2
7,125248;looked atTable2
7,13551;looked atTable2
7,146266;looked atTable2
7,158263;looked atTable2
7,168322;looked atTable2
7,179982;looked atTable2
7,1913;looked atTable2
7,202201;looked atTable2
7,215442;looked atTable2
7,224823;looked atTable2
7,235592;looked atTable2
7,246461;looked atTable2
7,258051;looked atTable2
7,268133;looked atTable2
7,280293;looked atTable2
7,290851;looked atTable2
7,303042;looked atTable2
7,303042;object ChessPiece Variant (2) is being grabbed
7,303042;object ChessPiece Variant (1) is being grabbed
7,313237;looked atTable2
7,32491;looked atTable2
7,335313;looked atTable2
7,34667;looked atTable2
7,359171;looked atTable2
7,370532;looked atTable2
7,380331;looked atTable2
7,39035;looked atTable2
7,401825;looked atBoundsCollider
7,413256;looked atBoundsCollider
7,424152;looked atBoundsCollider
7,434943;looked atBoundsCollider
7,44696;looked atBoundsCollider
7,457513;looked atBoundsCollider
7,468307;looked atBoundsCollider
7,480743;looked atTable2
7,492128;looked atTable2
7,502918;looked atTable2
7,513576;looked atTable2
7,528105;looked atTable2
7,536147;looked atTable2
7,536147;object ChessPiece Variant (2) is being grabbed
7,536147;object ChessPiece Variant (1) is being grabbed
7,546658;looked atTable2
7,559099;looked atTable2
7,569302;looked atTable2
7,580038;looked atTable2
7,591413;looked atTable2
7,601984;looked atTable2
7,612813;looked atTable2
7,624888;looked atTable2
7,635323;looked atTable2
7,64621;looked atTable2
7,657876;looked atTable2
7,668209;looked atTable2
7,682578;looked atTable2
7,690907;looked atTable2
7,702132;looked atTable2
7,713078;looked atTable2
7,724397;looked atTable2
7,735298;looked atTable2
7,747109;looked atTable2
7,757677;looked atTable2
7,768056;looked atTable2
7,768056;object ChessPiece Variant (2) is being grabbed
7,768056;object ChessPiece Variant (1) is being grabbed
7,780271;looked atTable2
7,790948;looked atTable2
7,802248;looked atTable2
7,813305;looked atTable2
7,82415;looked atTable2
7,837381;looked atTable2
7,846839;looked atRoom
7,857308;looked atRoom
7,868234;looked atRoom
7,880241;looked atRoom
7,890423;looked atRoom
7,901814;looked atRoom
7,912774;looked atRoom
7,92482;looked atRoom
7,935825;looked atRoom
7,946299;looked atRoom
7,958173;looked atRoom
7,968402;looked atRoom
7,979853;looked atRoom
7,993719;looked atRoom
8,002111;looked atRoom
8,002111;object ChessPiece Variant (2) is being grabbed
8,002111;object ChessPiece Variant (1) is being grabbed
8,012768;looked atRoom
8,025291;looked atRoom
8,035349;looked atRoom
8,047205;looked atRoom
8,058172;looked atRoom
8,067921;looked atTable2
8,079971;looked atTable2
8,09073;looked atTable2
8,101754;looked atTable2
8,112983;looked atTable2
8,124399;looked atTable2
8,134869;looked atTable2
8,149713;looked atTable2
8,157606;looked atTable2
8,168259;looked atTable2
8,180212;looked atTable2
8,190331;looked atTable2
8,202239;looked atTable2
8,213393;looked atTable2
8,224209;looked atTable2
8,234969;looked atTable2
8,234969;object ChessPiece Variant (2) is being grabbed
8,234969;object ChessPiece Variant (1) is being grabbed
8,247195;looked atTable2
8,258069;looked atTable2
8,268244;looked atTable2
8,280286;looked atTable2
8,29068;looked atTable2
8,304118;looked atTable2
8,312934;looked atTable2
8,324762;looked atTable2
8,335409;looked atTable2
8,346666;looked atTable2
8,358414;looked atTable2
8,368283;looked atTable2
8,380105;looked atTable2
8,391197;looked atTable2
8,402;looked atTable2
8,413042;looked atTable2
8,424848;looked atTable2
8,435336;looked atTable2
8,446428;looked atTable2
8,46047;looked atTable2
8,468351;looked atTable2
8,468351;object ChessPiece Variant (2) is being grabbed
8,468351;object ChessPiece Variant (1) is being grabbed
8,481153;looked atTable2
8,491479;looked atTable2
8,502213;looked atTable2
8,512977;looked atTable2
8,524486;looked atTable2
8,535014;looked atTable2
8,547132;looked atTable2
8,558094;looked atTable2
8,568494;looked atTable2
8,580317;looked atTable2
8,590533;looked atTable2
8,602118;looked atTable2
8,615999;looked atTable2
8,624272;looked atTable2
8,635037;looked atTable2
8,647214;looked atTable2
8,657744;looked atTable2
8,668561;looked atTable2
8,680497;looked atTable2
8,6908;looked atTable2
8,7022;looked atTable2
8,7022;object ChessPiece Variant (2) is being grabbed
8,7022;object ChessPiece Variant (1) is being grabbed
8,712993;looked atTable2
8,725526;looked atTable2
8,7354;looked atTable2
8,746378;looked atTable2
8,758387;looked atTable2
8,771163;looked atTable2
8,780396;looked atTable2
8,79118;looked atTable2
8,802181;looked atTable2
8,813337;looked atTable2
8,824911;looked atTable2
8,835729;looked atTable2
8,846825;looked atTable2
8,858568;looked atTable2
8,868356;looked atTable2
8,880254;looked atTable2
8,890983;looked atTable2
8,902065;looked atTable2
8,913363;looked atTable2
8,926936;looked atTable2
8,935562;looked atTable2
8,935562;object ChessPiece Variant (2) is being grabbed
8,935562;object ChessPiece Variant (1) is being grabbed
8,946527;looked atTable2
8,958466;looked atTable2
8,968897;looked atTable2
8,980618;looked atTable2
8,990582;looked atTable2
9,002186;looked atTable2
9,013525;looked atTable2
9,024344;looked atTable2
9,03523;looked atTable2
9,047167;looked atTable2
9,057788;looked atTable2
9,068462;looked atTable2
9,082731;looked atTable2
9,090863;looked atTable2
9,102262;looked atTable2
9,11301;looked atTable2
9,125254;looked atTable2
9,135544;looked atTable2
9,146414;looked atTable2
9,158553;looked atTable2
9,168468;looked atTable2
9,168468;object ChessPiece Variant (2) is being grabbed
9,168468;object ChessPiece Variant (1) is being grabbed
9,180149;looked atTable2
9,191806;looked atTable2
9,202274;looked atTable2
9,213138;looked atTable2
9,225247;looked atTable2
9,237697;looked atTable2
9,246796;looked atTable2
9,258143;looked atTable2
9,268388;looked atTable2
9,280514;looked atTable2
9,290998;looked atTable2
9,302239;looked atTable2
9,313325;looked atTable2
9,324688;looked atTable2
9,335538;looked atTable2
9,346658;looked atTable2
9,35808;looked atTable2
9,368518;looked atTable2
9,381013;looked atTable2
9,393368;looked atTable2
9,402395;looked atTable2
9,402395;object ChessPiece Variant (2) is being grabbed
9,402395;object ChessPiece Variant (1) is being grabbed
9,413615;looked atTable2
9,425159;looked atTable2
9,435703;looked atTable2
9,446841;looked atTable2
9,457819;looked atTable2
9,468454;looked atTable2
9,480861;looked atTable2
9,490642;looked atTable2
9,502044;looked atTable2
9,513044;looked atRoom
9,525202;looked atRoom
9,535595;looked atRoom
9,548619;looked atRoom
9,558682;looked atRoom
9,568886;looked atRoom
9,580527;looked atRoom
9,591455;looked atRoom
9,602221;looked atRoom
9,613114;looked atRoom
9,625072;looked atRoom
9,635685;looked atRoom
9,635685;object ChessPiece Variant (2) is being grabbed
9,635685;object ChessPiece Variant (1) is being grabbed
9,646688;looked atRoom
9,658981;looked atRoom
9,668423;looked atRoom
9,680447;looked atRoom
9,691377;looked atRoom
9,704806;looked atRoom
9,713653;looked atRoom
9,724375;looked atRoom
9,735089;looked atRoom
9,747411;looked atRoom
9,757748;looked atRoom
9,768359;looked atRoom
9,780706;looked atRoom
9,791205;looked atRoom
9,802397;looked atRoom
9,813683;looked atRoom
9,824551;looked atRoom
9,835109;looked atRoom
9,847469;looked atRoom
9,859906;looked atRoom
9,868706;looked atRoom
9,868706;object ChessPiece Variant (2) is being grabbed
9,868706;object ChessPiece Variant (1) is being grabbed
9,880594;looked atRoom
9,891138;looked atRoom
9,902194;looked atRoom
9,913059;looked atRoom
9,925495;looked atRoom
9,935486;looked atRoom
9,946318;looked atRoom
9,958575;looked atRoom
9,968355;looked atRoom
9,980101;looked atTable
9,99143;looked atRoom
10,00297;looked atRoom
10,01695;looked atRoom
10,02505;looked atRoom
10,0356;looked atRoom
10,04656;looked atTable
10,05825;looked atTable
10,06837;looked atRoom
10,08047;looked atRoom
10,09087;looked atRoom
10,10218;looked atRoom
10,10218;object ChessPiece Variant (2) is being grabbed
10,10218;object ChessPiece Variant (1) is being grabbed
10,11338;looked atRoom
10,12533;looked atRoom
10,13548;looked atRoom
10,1469;looked atRoom
10,15781;looked atRoom
10,1706;looked atRoom
10,18067;looked atRoom
10,19067;looked atRoom
10,20245;looked atRoom
10,21433;looked atCart_Basket
10,22471;looked atCart_Basket
10,23561;looked atRoom
10,24679;looked atRoom
10,25778;looked atRoom
10,26849;looked atRoom
10,28072;looked atRoom
10,29093;looked atRoom
10,30195;looked atRoom
10,31308;looked atRoom
10,32745;looked atRoom
10,33576;looked atRoom
10,33576;object ChessPiece Variant (2) is being grabbed
10,33576;object ChessPiece Variant (1) is being grabbed
10,34634;looked atRoom
10,35905;looked atRoom
10,36857;looked atRoom
10,38011;looked atRoom
10,39147;looked atRoom
10,40235;looked atRoom
10,41334;looked atRoom
10,42621;looked atRoom
10,43586;looked atRoom
10,44733;looked atRoom
10,45832;looked atRoom
10,46831;looked atRoom
10,48261;looked atRoom
10,49104;looked atRoom
10,50215;looked atRoom
10,51338;looked atRoom
10,52524;looked atRoom
10,53571;looked atRoom
10,54693;looked atRoom
10,55772;looked atRoom
10,56856;looked atRoom
10,56856;object ChessPiece Variant (2) is being grabbed
10,56856;object ChessPiece Variant (1) is being grabbed
10,58059;looked atRoom
10,5913;looked atRoom
10,60221;looked atRoom
10,61347;looked atRoom
10,62517;looked atRoom
10,63904;looked atRoom
10,6469;looked atRoom
10,65809;looked atRoom
10,66856;looked atRoom
10,68076;looked atRoom
10,69074;looked atRoom
10,70213;looked atRoom
10,71307;looked atRoom
10,72537;looked atRoom
10,73572;looked atRoom
10,74647;looked atRoom
10,75851;looked atRoom
10,76858;looked atRoom
10,7804;looked atRoom
10,79359;looked atRoom
10,80244;looked atRoom
10,80244;object ChessPiece Variant (2) is being grabbed
10,80244;object ChessPiece Variant (1) is being grabbed
10,81352;looked atRoom
10,82583;looked atRoom
10,83607;looked atRoom
10,84675;looked atRoom
10,85828;looked atRoom
10,86836;looked atRoom
10,88101;looked atRoom
10,89116;looked atRoom
10,90217;looked atRoom
10,91335;looked atRoom
10,92486;looked atRoom
10,93574;looked atRoom
10,94921;looked atRoom
10,95802;looked atRoom
10,96874;looked atRoom
10,98069;looked atRoom
10,99082;looked atRoom
11,00222;looked atRoom
11,01363;looked atRoom
11,02517;looked atRoom
11,03609;looked atRoom
11,03609;object ChessPiece Variant (2) is being grabbed
11,03609;object ChessPiece Variant (1) is being grabbed
11,04726;looked atRoom
11,05836;looked atRoom
11,06865;looked atCart_Basket
11,0808;looked atRoom
11,09072;looked atRoom
11,10436;looked atRoom
11,11323;looked atRoom
11,12594;looked atRoom
11,13582;looked atRoom
11,14645;looked atRoom
11,15847;looked atRoom
11,16843;looked atRoom
11,18008;looked atRoom
11,19146;looked atRoom
11,20242;looked atRoom
11,21311;looked atRoom
11,22548;looked atRoom
11,23627;looked atRoom
11,24689;looked atRoom
11,26061;looked atRoom
11,26873;looked atRoom
11,26873;object ChessPiece Variant (2) is being grabbed
11,26873;object ChessPiece Variant (1) is being grabbed
11,2805;looked atRoom
11,29156;looked atRoom
11,30227;looked atRoom
11,31344;looked atRoom
11,32524;looked atTable
11,33573;looked atTable
11,34679;looked atTable
11,35787;looked atRoom
11,36837;looked atRoom
11,38055;looked atRoom
11,39068;looked atRoom
11,40234;looked atTable2
11,416;looked atTable2
11,42456;looked atTable2
11,4353;looked atTable2
11,44791;looked atTable2
11,45809;looked atTable2
11,46859;looked atTable2
11,48074;looked atTable2
11,49091;looked atTable2
11,50237;looked atTable2
11,50237;object ChessPiece Variant (2) is being grabbed
11,50237;object ChessPiece Variant (1) is being grabbed
11,51328;looked atTable2
11,52614;looked atTable2
11,53569;looked atTable2
11,55343;looked atTable2
11,56058;looked atTable2
11,5695;looked atTable2
11,581;looked atTable2
11,59215;looked atTable2
11,60283;looked atTable2
11,61367;looked atTable2
11,62546;looked atTable2
11,63597;looked atTable2
11,64748;looked atTable2
11,65864;looked atTable2
11,66851;looked atTable2
11,68055;looked atTable2
11,6911;looked atTable2
11,7022;looked atTable2
11,71324;looked atTable2
11,72712;looked atTable2
11,73567;looked atTable2
11,73567;object ChessPiece Variant (2) is being grabbed
11,73567;object ChessPiece Variant (1) is being grabbed
11,74701;looked atTable2
11,75822;looked atTable2
11,76823;looked atTable2
11,78053;looked atTable2
11,79047;looked atTable2
11,80202;looked atTable2
11,81341;looked atTable2
11,82432;looked atTable2
11,83506;looked atTable2
11,84716;looked atTable2
11,8581;looked atTable2
11,86866;looked atTable2
11,88285;looked atTable2
11,89051;looked atTable2
11,90207;looked atTable2
11,91284;looked atTable2
11,92519;looked atTable2
11,93551;looked atTable2
11,94641;looked atTable2
11,95836;looked atTable2
11,96838;looked atTable2
11,96838;object ChessPiece Variant (2) is being grabbed
11,96838;object ChessPiece Variant (1) is being grabbed
11,9799;looked atTable2
11,99173;looked atTable2
12,00207;looked atTable2
12,01311;looked atTable2
12,02492;looked atTable2
12,0381;looked atTable2
12,04657;looked atTable2
12,0584;looked atTable2
12,06874;looked atTable2
12,08047;looked atTable2
12,091;looked atTable2
12,10209;looked atTable2
12,11309;looked atTable2
12,12463;looked atTable2
12,13556;looked atTable2
12,15216;looked atTable2
12,1577;looked atTable2
12,16929;looked atTable2
12,18155;looked atTable2
12,19367;looked atTable2
12,20291;looked atTable2
12,20291;object ChessPiece Variant (2) is being grabbed
12,20291;object ChessPiece Variant (1) is being grabbed
12,21405;looked atTable2
12,22526;looked atTable2
12,23588;looked atTable2
12,24702;looked atTable2
12,25781;looked atTable2
12,26848;looked atTable2
12,28107;looked atTable2
12,29086;looked atTable2
12,30199;looked atTable2
12,31309;looked atTable2
12,32487;looked atTable2
12,33547;looked atTable2
12,34834;looked atTable2
12,35835;looked atTable2
12,36822;looked atTable2
12,37989;looked atTable2
12,39118;looked atTable2
12,40189;looked atTable2
12,41291;looked atTable2
12,42496;looked atTable2
12,43566;looked atTable2
12,43566;object ChessPiece Variant (2) is being grabbed
12,43566;object ChessPiece Variant (1) is being grabbed
12,44663;looked atTable2
12,45868;looked atTable2
12,46817;looked atTable2
12,48028;looked atTable2
12,49112;looked atTable2
12,50416;looked atTable2
12,51312;looked atTable2
12,5244;looked atTable2
12,53475;looked atTable2
12,54699;looked atTable2
12,55778;looked atTable2
12,56822;looked atTable2
12,58038;looked atTable2
12,5904;looked atTable2
12,60191;looked atTable2
12,6136;looked atTable2
12,62435;looked atTable2
12,63497;looked atTable2
12,64742;looked atTable2
12,66023;looked atTable2
12,66848;looked atTable2
12,66848;object ChessPiece Variant (2) is being grabbed
12,66848;object ChessPiece Variant (1) is being grabbed
12,6806;looked atTable2
12,69091;looked atTable2
12,70177;looked atTable2
12,7132;looked atTable2
12,72501;looked atTable2
12,73537;looked atTable2
12,74663;looked atTable2
12,75877;looked atTable2
12,76855;looked atTable2
12,7803;looked atTable2
12,7941;looked atTable2
12,8024;looked atTable2
12,81562;looked atTable2
12,82592;looked atTable2
12,83925;looked atTable2
12,84731;looked atTable2
12,85856;looked atTable2
12,86858;looked atTable2
12,88102;looked atTable2
12,89148;looked atTable2
12,9025;looked atTable2
12,9025;object ChessPiece Variant (2) is being grabbed
12,9025;object ChessPiece Variant (1) is being grabbed
12,91368;looked atTable2
12,92568;looked atTable2
12,93521;looked atTable2
12,94625;looked atTable2
12,95753;looked atTable2
12,97026;looked atTable2
12,98027;looked atTable2
12,99045;looked atTable2
13,00178;looked atTable2
13,01332;looked atTable2
13,02416;looked atTable2
13,03494;looked atTable2
13,0471;looked atTable2
13,05762;looked atTable2
13,06838;looked atTable2
13,08046;looked atTable2
13,09069;looked atTable2
13,10287;looked atTable2
13,11332;looked atTable2
13,12692;looked atTable2
13,13575;looked atTable2
13,13575;object ChessPiece Variant (2) is being grabbed
13,13575;object ChessPiece Variant (1) is being grabbed
13,14689;looked atTable2
13,15906;looked atTable2
13,16914;looked atTable2
13,18042;looked atTable2
13,19149;looked atTable2
13,20234;looked atTable2
13,21422;looked atTable2
13,2302;looked atTable2
13,23646;looked atTable2
13,24877;looked atTable2
13,25976;looked atTable2
13,26993;looked atTable2
13,28424;looked atTable2
13,29113;looked atTable2
13,30305;looked atTable2
13,31556;looked atTable2
13,32473;looked atTable2
13,33544;looked atTable2
13,34665;looked atTable2
13,35766;looked atTable2
13,36811;looked atTable2
13,36811;object ChessPiece Variant (1) is being grabbed
13,38036;looked atTable2
13,39074;looked atTable2
13,40202;looked atTable2
13,41346;looked atTable2
13,42448;looked atTable2
13,43738;looked atTable2
13,44697;looked atTable2
13,45743;looked atTable2
13,46827;looked atTable2
13,48029;looked atTable2
13,49043;looked atTable2
13,50188;looked atTable2
13,51351;looked atTable2
13,52505;looked atTable2
13,53571;looked atTable2
13,54642;looked atTable2
13,5585;looked atTable2
13,56865;looked atTable2
13,58022;looked atTable2
13,59344;looked atTable2
13,60193;looked atTable2
13,61253;looked atTable2
13,61253;looked at: Hand
13,62467;looked atTable2
13,62467;looked at: Hand
13,63523;looked atTable2
13,63523;looked at: Hand
13,64621;looked atTable2
13,64621;looked at: Hand
13,6581;looked atTable2
13,6581;looked at: Hand
13,66806;looked atTable2
13,68028;looked atTable2
13,69062;looked atTable2
13,70176;looked atTable2
13,71315;looked atTable2
13,72443;looked atTable2
13,73473;looked atTable2
13,74909;looked atTable2
13,75746;looked atTable2
13,76811;looked atTable2
13,78023;looked atTable2
13,79034;looked atTable2
13,80208;looked atTable2
13,81331;looked atTable2
13,82409;looked atTable2
13,83495;looked atTable2
13,84712;looked atTable2
13,8576;looked atTable2
13,86834;looked atTable2
13,88036;looked atTable2
13,89085;looked atTable2
13,90514;looked atTable2
13,91393;looked atTable2
13,92472;looked atTable2
13,93524;looked atTable2
13,95551;looked atTable2
13,95896;looked atTable2
13,9688;looked atTable2
13,98025;looked atTable2
13,99156;looked atTable2
14,00218;looked atTable2
14,01331;looked atTable2
14,02504;looked atTable2
14,03529;looked atTable2
14,04673;looked atTable2
14,06133;looked atTable2
14,06886;looked atTable2
14,08012;looked atTable2
14,09064;looked atTable2
14,10151;looked atTable2
14,11283;looked atTable2
14,1243;looked atTable2
14,13465;looked atTable2
14,14689;looked atTable2
14,15753;looked atTable2
14,16808;looked atTable2
14,17978;looked atTable2
14,19018;looked atTable2
14,20157;looked atTable2
14,21523;looked atTable2
14,22396;looked atTable2
14,23468;looked atTable2
14,24672;looked atTable2
14,25771;looked atTable2
14,26806;looked atTable2
14,28017;looked atTable2
14,29021;looked atTable2
14,30145;looked atTable2
14,31256;looked atTable2
14,32452;looked atTable2
14,3348;looked atTable2
14,34637;looked atTable2
14,3582;looked atTable2
14,3703;looked atTable2
14,37973;looked atTable2
14,39104;looked atTable2
14,40159;looked atTable2
14,41275;looked atTable2
14,42439;looked atTable2
14,43457;looked atTable2
14,44642;looked atTable2
14,45786;looked atTable2
14,46785;looked atTable2
14,4798;looked atTable2
14,49047;looked atTable2
14,50146;looked atTable2
14,51293;looked atTable2
14,5263;looked atTable2
14,53511;looked atTable2
14,54618;looked atTable2
14,55798;looked atTable2
14,56819;looked atTable2
14,58014;looked atTable2
14,5903;looked atTable2
14,60147;looked atTable2
14,61308;looked atTable2
14,62394;looked atTable2
14,63465;looked atTable2
14,64685;looked atTable2
14,65718;looked atTable2
14,66818;looked atTable2
14,68235;looked atTable2
14,69043;looked atTable2
14,70173;looked atTable2
14,7127;looked atTable2
14,72467;looked atTable2
14,73526;looked atTable2
14,74603;looked atTable2
14,75806;looked atTable2
14,76826;looked atTable2
14,77974;looked atTable2
14,79116;looked atTable2
14,80189;looked atTable2
14,81295;looked atTable2
14,82499;looked atTable2
14,83773;looked atTable2
14,84648;looked atTable2
14,85812;looked atTable2
14,86829;looked atTable2
14,88048;looked atTable2
14,89081;looked atTable2
14,90184;looked atTable2
14,9131;looked atTable2
14,92477;looked atTable2
14,93524;looked atTable2
14,94666;looked atTable2
14,95747;looked atTable2
14,96824;looked atTable2
14,98041;looked atTable2
14,99269;looked atTable2
15,00228;looked atTable2
15,01369;looked atTable2
15,0241;looked atTable2
15,03499;looked atTable2
15,04698;looked atTable2
15,0577;looked atTable2
15,0683;looked atTable2
15,08027;looked atTable2
15,09092;looked atBoundsCollider
15,10192;looked atTable2
15,11296;looked atTable2
15,12493;looked atTable2
15,1356;looked atTable2
15,14996;looked atTable
15,15896;looked atTable
15,16859;looked atTable
15,1799;looked atRoom
15,19122;looked atRoom
15,20205;looked atRoom
15,21301;looked atRoom
15,22499;looked atRoom
15,23638;looked atRoom
15,24817;looked atRoom
15,25921;looked atRoom
15,26903;looked atRoom
15,28064;looked atRoom
15,29143;looked atRoom
15,30453;looked atRoom
15,31367;looked atRoom
15,32479;looked atRoom
15,3356;looked atRoom
15,34692;looked atRoom
15,35765;looked atRoom
15,36844;looked atRoom
15,38039;looked atRoom
15,39108;looked atRoom
15,40201;looked atRoom
15,41346;looked atRoom
15,42422;looked atRoom
15,43507;looked atRoom
15,44718;looked atRoom
15,46042;looked atRoom
15,46922;looked atRoom
15,48039;looked atRoom
15,49038;looked atRoom
15,50168;looked atRoom
15,51268;looked atRoom
15,52466;looked atRoom
15,53532;looked atRoom
15,54607;looked atRoom
15,55824;looked atRoom
15,5685;looked atRoom
15,57975;looked atRoom
15,59116;looked atRoom
15,6019;looked atRoom
15,6154;looked atRoom
15,6247;looked atRoom
15,63532;looked atRoom
15,64632;looked atRoom
15,65799;looked atRoom
15,66812;looked atRoom
15,68097;looked atRoom
15,6911;looked atRoom
15,70169;looked atRoom
15,71292;looked atRoom
15,72419;looked atRoom
15,73493;looked atRoom
15,74702;looked atRoom
15,75753;looked atRoom
15,77051;looked atTable
15,78017;looked atRoom
15,79051;looked atTable
15,80177;looked atRoom
15,81331;looked atTable
15,82417;looked atRoom
15,83494;looked atRoom
15,84689;looked atTable
15,85749;looked atRoom
15,86851;looked atRoom
15,88043;looked atRoom
15,89063;looked atRoom
15,90188;looked atRoom
15,91281;looked atRoom
15,92705;looked atRoom
15,93552;looked atRoom
15,94624;looked atRoom
15,95814;looked atRoom
15,9684;looked atRoom
15,97993;looked atRoom
15,99135;looked atRoom
16,00194;looked atRoom
16,01294;looked atRoom
16,02485;looked atRoom
16,0354;looked atRoom
16,04657;looked atRoom
16,05794;looked atRoom
16,06837;looked atRoom
16,08243;looked atRoom
16,09055;looked atRoom
16,1016;looked atRoom
16,11337;looked atCart_Basket
16,12432;looked atRoom
16,13465;looked atRoom
16,14676;looked atCart_Basket
16,15734;looked atRoom
16,1682;looked atRoom
16,18017;looked atCart_Basket
16,19055;looked atCart_Basket
16,20183;looked atRoom
16,21336;looked atRoom
16,22429;looked atRoom
16,2375;looked atRoom
16,24718;looked atRoom
16,25755;looked atRoom
16,26842;looked atRoom
16,28037;looked atRoom
16,29054;looked atRoom
16,30181;looked atRoom
16,31298;looked atCart_Basket
16,3254;looked atRoom
16,33535;looked atRoom
16,34626;looked atRoom
16,35834;looked atRoom
16,36858;looked atCart_Basket
16,38023;looked atRoom
16,39359;looked atRoom
16,4022;looked atCart_Basket
16,41317;looked atCart_Basket
16,42487;looked atRoom
16,43587;looked atRoom
16,44719;looked atRoom
16,45792;looked atRoom
16,46864;looked atCart_Basket
16,48069;looked atCart_Basket
16,49135;looked atCart_Basket
16,50226;looked atCart_Basket
16,51369;looked atRoom
16,52741;looked atRoom
16,53638;looked atRoom
16,54931;looked atCart_Basket
16,55892;looked atCart_Basket
16,56939;looked atCart_Basket
16,58104;looked atCart_Basket
16,59098;looked atRoom
16,60272;looked atRoom
16,614;looked atCart_Basket
16,62464;looked atRoom
16,63533;looked atCart_Basket
16,64691;looked atRoom
16,65768;looked atRoom
16,66856;looked atRoom
16,6804;looked atRoom
16,69078;looked atRoom
16,70418;looked atRoom
16,71322;looked atRoom
16,72495;looked atRoom
16,73569;looked atRoom
16,74636;looked atRoom
16,75844;looked atRoom
16,76868;looked atRoom
16,78009;looked atRoom
16,79145;looked atRoom
16,80255;looked atRoom
16,81316;looked atRoom
16,82523;looked atRoom
16,83542;looked atRoom
16,84849;looked atRoom
16,86089;looked atRoom
16,86901;looked atRoom
16,88135;looked atRoom
16,89204;looked atRoom
16,90366;looked atsimpleGrabTorchMesh
16,91496;looked atTable2
16,92579;looked atTable2
16,93599;looked atTable2
16,94757;looked atsimpleGrabTorchMesh
16,95791;looked atTable2
16,96859;looked atTable2
16,98049;looked atsimpleGrabTorchMesh
16,99085;looked atTable2
17,00205;looked atTable2
17,0154;looked atsimpleGrabTorchMesh
17,02413;looked atsimpleGrabTorchMesh
17,03487;looked atTable2
17,04711;looked atTable2
17,05768;looked atTable2
17,07006;looked atTable2
17,08081;looked atTable2
17,09069;looked atTable2
17,10207;looked atTable2
17,11291;looked atTable2
17,1249;looked atTable2
17,1354;looked atTable2
17,14658;looked atTable2
17,15838;looked atTable2
17,17168;looked atTable2
17,18073;looked atTable2
17,19308;looked atTable2
17,20422;looked atTable2
17,21454;looked atTable2
17,22578;looked atTable2
17,23612;looked atTable2
17,24739;looked atTable2
17,2587;looked atTable2
17,26979;looked atTable2
17,2807;looked atTable2
17,2918;looked atTable2
17,30243;looked atTable2
17,3135;looked atTable2
17,32845;looked atTable2
17,32845;looked at: Hand
17,33706;looked atTable2
17,33706;looked at: Hand
17,3473;looked atTable2
17,3473;looked at: Hand
17,35796;looked atTable2
17,35796;looked at: Hand
17,36908;looked atBoundsCollider
17,36908;looked at: Hand
17,38052;looked atBoundsCollider
17,38052;looked at: Hand
17,39071;looked atBoundsCollider
17,39071;looked at: Hand
17,40236;looked atBoundsCollider
17,40236;looked at: Hand
17,41388;looked atBoundsCollider
17,41388;looked at: Hand
17,42472;looked atBoundsCollider
17,42472;looked at: Hand
17,43597;looked atBoundsCollider
17,43597;looked at: Hand
17,4474;looked atBoundsCollider
17,4474;looked at: Hand
17,45778;looked atBoundsCollider
17,45778;looked at: Hand
17,46866;looked atBoundsCollider
17,46866;looked at: Hand
17,48417;looked atBoundsCollider
17,48417;looked at: Hand
17,49159;looked atBoundsCollider
17,49159;looked at: Hand
17,50219;looked atBoundsCollider
17,50219;looked at: Hand
17,51335;looked atBoundsCollider
17,51335;looked at: Hand
17,5283;looked atBoundsCollider
17,5283;looked at: Hand
17,53866;looked atBoundsCollider
17,53866;looked at: Hand
17,54701;looked atBoundsCollider
17,54701;looked at: Hand
17,55869;looked atBoundsCollider
17,55869;looked at: Hand
17,56859;looked atTable2
17,56859;looked at: Hand
17,5801;looked atTable2
17,5801;looked at: Hand
17,59138;looked atTable2
17,60195;looked atTable2
17,70195;looked atTable2
